[
	{
		"model": "accounts.user",
		"pk": 1,
		"fields": {
			"password": "pbkdf2_sha256$260000$Kpta88g2aZohU7hMjKdOWO$nYkaybt2yzSx1W50NXGclqd1BjgjMw4mNW35gmkxQ7s=",
			"last_login": "2021-05-25T01:43:40.494Z",
			"is_superuser": true,
			"username": "admin",
			"first_name": "",
			"last_name": "",
			"email": "",
			"is_staff": true,
			"is_active": true,
			"date_joined": "2021-05-20T05:03:07.857Z",
			"groups": [],
			"user_permissions": []
		}
	},
	{
		"model": "accounts.user",
		"pk": 2,
		"fields": {
			"password": "pbkdf2_sha256$260000$508js9AZqHod4ag8IWKCM1$2a1XN+ckWV3JD7lVJ+vDWCE8LlWjqu+Gqxv32Lh9rRo=",
			"last_login": null,
			"is_superuser": false,
			"username": "오우",
			"first_name": "",
			"last_name": "",
			"email": "",
			"is_staff": false,
			"is_active": true,
			"date_joined": "2021-05-20T12:37:55.373Z",
			"groups": [],
			"user_permissions": []
		}
	},
	{
		"model": "accounts.user",
		"pk": 3,
		"fields": {
			"password": "pbkdf2_sha256$260000$i8HzBSYzCNRVmTihiFJkKz$cGNqefW1vgy5gUB+fsjX1HpNTdqGhmQ2P0NhuN3+qCM=",
			"last_login": null,
			"is_superuser": false,
			"username": "현구",
			"first_name": "",
			"last_name": "",
			"email": "",
			"is_staff": false,
			"is_active": true,
			"date_joined": "2021-05-24T08:33:31.033Z",
			"groups": [],
			"user_permissions": []
		}
	},
	{
		"model": "movies.movie",
		"pk": 1,
		"fields": {
			"title": "인크레더블 헐크",
			"overview": "실험 중 감마선에 노출된 이후 분노를 통제할 수 없는 상태가 되면 괴력을 지닌 녹색 괴물 헐크로 변하게 되는 브루스 배너. 필사적으로 치료제 개발에 매달리지만, 그의 능력을 이용하려는 정부와 군대의 끈질긴 추격을 받고 쫓기게 된다. 한편 헐크의 거대한 힘의 비밀을 파헤치던 이들은 헐크보다 더 파괴적인 어보미네이션을 만드는데 성공, 도시 전체를 집어삼키려 한다. 이에 브루스 배너는 정상적인 인생을 되찾으려던 계획을 버리고, 어보미네이션과 군대, 그리고 자기 자신과의 마지막 대결을 준비하는데...",
			"poster_path": "https://image.tmdb.org/t/p/w500/7vgnJ0xzhyl8eQuDk4BHjR78nne.jpg",
			"movie_id": 1724
		}
	},
	{
		"model": "movies.movie",
		"pk": 2,
		"fields": {
			"title": "헐크",
			"overview": "과학자 브루스 배너는 분노를 적절하게 조절해야만 한다. 명석한 과학자로서 평온한 그의 삶은 억제된 욕망을 품고 있으며 유전적인 기술이 처절한 그의 과거를 숨기고 있다. 옛날 여자친구이자 그의 뛰어난 동료, 베티 로스는 브루스의 감정 기복에 지쳐서 그의 삶을 바라보기만 할 뿐이다.  그러다 베티는 초기 공판이 진행되는 동안 배너의 혁신적인 연구로부터 무언가를 발견하게 된다. 잠깐의 실수는 폭발적인 상황을 야기시키고 브루스는 순간의 결정을 내린다. 그의 영웅적 충동심으로 다른 이의 생명을 건지고 그 자신은 상처 하나 입지 않는다. 그러나 그의 몸은 감마 방사선을 치사량 이상으로 노출된 상태였다.  그런 후 알 수 없는 일들이 일어나기 시작하는데 아침에 일어났던 일들을 기억조차 못할 정도의 의식을 상실하게 된 것이었다. 그러한 상황은 실패한 실험이 초래한 예기치 못한 결과였다. 그러나 배너는 자기 내부의 다른 존재들로 낯설긴 하나 매우 친밀하며, 다소 위험하나 은근히 매력적인 것으로 상반되는 것들을 느끼게 된 것이었다.  거대한 피조물인 헐크가 간헐적으로 그 모습을 드러낸다. 파괴를 일삼아 배너의 연구실을 피투성이로, 집안의 모든 벽을 부셔버린다. 이로 인해 베티의 아버지, 썬더볼트 로스 장군의 지휘 아래 병력이 동원되고, 그의 맞수인 연구가 글렌 탈봇이 여기에 동참한다. 개인의 복수혈전과 가족 관계가 극대화되어 위험을 증폭시킨다.  베티 로스는 뒷 배경에 어두운 인물로 브루스의 아버지인 데이비드가 어느 정도 이 일에 연루되었다는 것을 알게된다. 그녀는 과학자와 헐크 간의 관계를 이해하는 유일한 인물이며, 군대의 위협을 막으려고 노력한다. 그 괴물을 생포하기 위해 모든 병력들이 동원되고...",
			"poster_path": "https://image.tmdb.org/t/p/w500/lLyzJiq7EZoeZwFMCBq83jxdULR.jpg",
			"movie_id": 1927
		}
	},
	{
		"model": "movies.movie",
		"pk": 3,
		"fields": {
			"title": "캡틴 아메리카: 시빌 워",
			"overview": "어벤져스가 벌인 전투로 많은 사람들이 불의의 사고를 당하는 등 부수적인 피해가 일어나자 정부는 슈퍼히어로 등록제를 추진하려 한다. 어벤져스의 독자적인 판단에 맡기기보다 직접 관리, 감독하겠다는 게 정부의 속내. 아이언맨은 정부의 방침을 따라야 한다는 입장인 반면, 캡틴 아메리카는 정부의 감시 없이 자유롭게 지구를 지켜야 한다고 주장한다. 어벤져스 내부는 캡틴 아메리카(윈터 솔져, 팔콘, 호크아이, 스칼렛 위치, 앤트맨)와 아이언맨(블랙위도우, 워머신, 블랙 팬서, 비전, 스파이더맨) 두 입장으로 나뉘어 대립하게 되는데...",
			"poster_path": "https://image.tmdb.org/t/p/w500/vaMRzME3Dt73robEjOtDw4SPJGA.jpg",
			"movie_id": 271110
		}
	},
	{
		"model": "movies.movie",
		"pk": 4,
		"fields": {
			"title": "블랙 팬서",
			"overview": "유엔 폭탄 테러로 아버지를 잃은 와칸다의 왕자 티찰라는 시빌 워 이후 고국 와칸다로 돌아가 왕좌에 오른다. 와칸다의 새로운 지도자 블랙팬서가 된 그는 옛 연인이자 와칸다의 스파이 나키아, 호위 무사 오코예와 함께 최강 희귀 금속 비브라늄 폭탄 거래가 이뤄지는 부산을 찾는다. 폭탄 거래의 배후에 있는 인물은 와칸다와 묘종의 연이 있는 정체불명의 남자, 에릭 킬몽거. 그는 놀라운 위력으로 티찰라를 제압하고 와칸다의 새로운 왕이 되려 하고, 이에 블랙 팬서는 피할 수 없는 전쟁에 나서는데...",
			"poster_path": "https://image.tmdb.org/t/p/w500/iRkknrX0rRxZHSL79W2Rax0EFsL.jpg",
			"movie_id": 284054
		}
	},
	{
		"model": "movies.movie",
		"pk": 5,
		"fields": {
			"title": "수어사이드 스쿼드",
			"overview": "슈퍼맨의 사후, 점점 늘어가는 메타휴먼들에 국가적 위기를 느낀 아만다 월러 국장은 빌런들로 팀을 만들어 국가 위기상황에 대처하겠다는 계획을 세운다. 고고학자인 Dr. 준의 몸에 기생하게 된 마녀 인챈트리스는 자신의 심장을 차지한 월러국장의 말을 거역할 수 없다. 월러국장은 인챈트리스의 힘을 이용하여 수어사이드 스쿼드를 통제, 혹시 있을 메타휴먼에 대항하려 한다. 하지만 인챈트리스는 혼란을 틈타 도망쳐 오빠의 봉인을 풀고 그와 함께 이 세계를 멸망시키려 한다. 결국 수어사이드 스쿼드가 인챈트리스와 그의 오빠를 저지하기 위해 투입되는데...",
			"poster_path": "https://image.tmdb.org/t/p/w500/n9S2wRfX8DKOP6elv9nX1IV32JJ.jpg",
			"movie_id": 297761
		}
	},
	{
		"model": "movies.movie",
		"pk": 6,
		"fields": {
			"title": "샤잠!",
			"overview": "10대 소년 빌리 뱃슨은 어릴 적 엄마와 헤어진 뒤 위탁 가정을 떠돌고 있다. 한편 어둠의 존재를 봉인 중인 마법사는 자신의 뒤를 이를 후계자를 찾고 있다. 어린 시절 순수하지 못하다는 이유로 마법사에게 거부당한 시바나는 오랜 시간 숨겨진 장소를 찾던 끝에 영원의 바위에 도착하여 7개의 대죄를 해방시키고 어둠의 힘을 얻는다. 이에 마법사는 빌리를 후계자로 정하고 샤잠의 힘을 전수한다. 슈퍼 파워를 얻게 된 빌리는 자신의 능력을 깨닫고 악당을 물리치는 슈퍼히어로로 다시 태어나는데...",
			"poster_path": "https://image.tmdb.org/t/p/w500/dtC4HdEMKuPaxvXFuYhBiylV2zL.jpg",
			"movie_id": 287947
		}
	},
	{
		"model": "movies.movie",
		"pk": 7,
		"fields": {
			"title": "반지의 제왕: 두 개의 탑",
			"overview": "9명의 반지원정대는 사우론의 세력에 맞서 반지를 지켜냈지만 반지 원정대는 뿔뿔이 흩어지게 된다. 메리와 피핀을 구하기 위해 우르크하이 군대를 추격하던 아라곤과 레골라스, 김리는 유령 숲에서 백색의 마법사로 부활한 마법사 간달프를 만나게 되고 사우론이 암흑세계의 두 개의 탑을 통합하여 점점 그 세력을 넓혀가고 있다는 사실을 듣게 된다. 이에 아라곤과 원정대는 중간계의 선한 무리의 통합을 이뤄 사우론의 세력을 견제해야 하는 큰 임무를 맡게 된다. 하지만 원수지간인 곤도르와 로한으로 나뉜 인간 종족의 통합은 쉽지 않고 게다가 로한의 왕마저 사루만에게 동화되는데...",
			"poster_path": "https://image.tmdb.org/t/p/w500/hjGjAdEPJF2unG8yseu5mcVb5cx.jpg",
			"movie_id": 121
		}
	},
	{
		"model": "movies.movie",
		"pk": 8,
		"fields": {
			"title": "반지의 제왕: 왕의 귀환",
			"overview": "사우론이 인간들의 마지막 요새인 곤도르를 향해 야욕을 드러내고 있는 한편, 아라곤은 쇠락해가고 있는 곤도르의 재건을 위해 왕위 계승을 신중하게 결정지어야만 하는 상황. 이제 중간대륙의 미래는 그의 어깨에 달려있는 것. 사우론이 이끄는 어둠의 군대와의 마지막 전투를 위해 간달프는 곤도르에 흩어져 있던 병사들을 모으고, 로한의 왕 세오덴에게 도움을 받기도 하지만 사우론의 군대에 비하면 열세를 면치 못한다. 그러나 그들은 중간대륙을 사우론의 야욕으로부터 지키려는 사명감과, 마지막 반지 운반자에게 임무를 끝낼 기회를 주기 위해 어둠의 군대를 향해 돌진하게 되는데...",
			"poster_path": "https://image.tmdb.org/t/p/w500/tAXXuEAKLk2mOEIJzwajJQEnVZu.jpg",
			"movie_id": 122
		}
	},
	{
		"model": "movies.movie",
		"pk": 9,
		"fields": {
			"title": "반지의 제왕: 반지 원정대",
			"overview": "호빗이라 불리우는 난장이 종족 중의 한 명인 프로도는 자신의 삼촌에게서 우연히 절대 반지를 물려받게 되고, 마법사 간달프를 통해서 절대반지가 사우론의 손에 들어가면 악의 세력이 세상을 지배하게 된다는 것을 알게 된다. 하지만 절대반지를 영원히 파괴할 수 있는 유일한 방법은 반지가 만들어진 불의 산의 용암에 그것을 던져 넣는 길 뿐이다. 마침내 프로도와 그의 친구들, 엘프족인 레골라스, 난장이족 김리, 두명의 인간 전사 아라곤과 보로미르, 그리고 마법사 간달프로 구성된 반지 원정대가 길고도 험난한 여정을 떠나게 되는데...",
			"poster_path": "https://image.tmdb.org/t/p/w500/7uCvKNKKLRqYYyHIRpphi3yUE6Z.jpg",
			"movie_id": 120
		}
	},
	{
		"model": "movies.movie",
		"pk": 10,
		"fields": {
			"title": "호빗: 뜻밖의 여정",
			"overview": "호빗족 빌보 배긴스는 어느 날 찾아온 회색의 마법사 간달프로부터 뜻밖의 제안을 받는다. 오래 전 난쟁이족의 영토였지만 무시무시한 용 스마우그에게 빼앗겨 지금은 황무지로 변한 동쪽의 외로운 산 에레보르 왕국을 되찾기 위해 함께 떠나자는 것. 빌보는 전설의 용사 소린이 이끄는 13명의 난쟁이족과 함께 위험 가득한 여정에 오른다. 외로운 산에 가기 위해서 반드시 거쳐야 하는 고블린 동굴에서 일행과 떨어져 헤매던 빌보는 그의 일생을 뒤바꿔놓는 존재인 골룸과 마주치게 되고, 골룸과의 수수께끼 대결 중에 대단한 힘을 지닌 골룸의 보물 절대반지를 얻게 되는데...",
			"poster_path": "https://image.tmdb.org/t/p/w500/vtsequVUU3W2NVfWObXkq31VIgN.jpg",
			"movie_id": 49051
		}
	},
	{
		"model": "movies.movie",
		"pk": 11,
		"fields": {
			"title": "호빗: 다섯 군대 전투",
			"overview": "빌보 배긴스와 참나무 방패 소린, 난쟁이 족이 떠난 거대한 여정의 끝에 난쟁이 족은 원래 자신들의 터전이던 에레보르에 있는 엄청난 보물을 되찾지만 이는 무시무시한 용 스마우그가 호수마을의 무기력한 주민들을 공격하게 되는 결과를 낳는다. 소린은 탐욕에 서서히 눈이 멀어 우정과 명예를 저버린 채 왕의 보물 아르켄스톤을 찾는다. 암흑의 군주 사우론은 오크 군대를 보내 외로운 산에 기습 공격을 감행한다. 마침내 다섯 군대의 전투가 시작되고 빌보는 본인과 친구들의 목숨을 걸고 싸워야만 하는데...",
			"poster_path": "https://image.tmdb.org/t/p/w500/tLNTaP5kcH2FDQNxGu4EkOCpMjr.jpg",
			"movie_id": 122917
		}
	},
	{
		"model": "movies.movie",
		"pk": 12,
		"fields": {
			"title": "호빗: 스마우그의 폐허",
			"overview": "사나운 용 스마우그가 빼앗아간 동쪽의 외로운 산 에레보르 왕국을 되찾기 위해 뜻하지 않은 여정을 떠나게 된 호빗 빌보 배긴스와 간달프, 그리고 난쟁이족 왕족의 후예 소린이 이끄는 13명의 난쟁이족. 원정대는 외로운 산으로 가는 길에 어둠의 숲에서 모습을 자유자재로 바꾸는 베오른과 거대한 거미떼를 만나고, 난쟁이들에게 적대적인 엘프족에게 잡혔다가 도망쳐 호수마을을 지나는 등 다양한 모험을 하게 된다. 그리고 마침내 지금껏 만났던 그 어떤 존재보다도 위험하고 모두의 용기와 우정, 지혜의 한계를 시험에 들게 한 용 스마우그와 맞닥뜨리게 되는데...",
			"poster_path": "https://image.tmdb.org/t/p/w500/jhnHkvYSi9AlwDcYLlv193LiOPG.jpg",
			"movie_id": 57158
		}
	},
	{
		"model": "movies.movie",
		"pk": 13,
		"fields": {
			"title": "해리 포터와 비밀의 방",
			"overview": "해리 포터에겐 이번 여름방학이 별로 즐겁질 못했다. 마법이라면 질색을 하는 페투니아 이모와 버논 이모부의 구박도 그렇지만, 무엇보다 속상한 건 단짝이었던 론 위즐리와 헤르미온느 그레인저가 그 사이 자신을 까맣게 잊었는지 자신의 편지에 답장 한 통 없다는 것.  그러던 어느날 꼬마 집요정 도비가 해리의 침실에 나타나 뜻밖의 얘기를 한다. 호그와트 마법학교로 돌아가면 무서운 일을 당할 거라는 것. 도비는 해리를 학교에 못 가게 하려고 자신이 여태까지 론과 헤르미온느의 답장을 가로채 왔음을 고백한다. 그러나 도비와 더즐리 가족의 방해에도 불구, 해리는 론과 그의 형제들이 타고 온 하늘을 나는 자동차를 타고 이모집을 탈출, 따뜻한 가족애가 넘치는 론의 집으로 가는데...",
			"poster_path": "https://image.tmdb.org/t/p/w500/sfs4U6XpiKFngbbSzrpZbkM1ySI.jpg",
			"movie_id": 672
		}
	},
	{
		"model": "movies.movie",
		"pk": 14,
		"fields": {
			"title": "해리 포터와 불의 잔",
			"overview": "요즘 들어 매일 꾸는 악몽 때문에 이마의 상처에 더욱 통증을 느끼는 해리는 친구 론과 헤르미온느와 함께 퀴디치 월드컵에 참가해 악몽에서 벗어날 수 있게 돼 마냥 기쁘다. 그러나 퀴디치 캠프장 근방 하늘에 불길한 기운이 나타난다. 바로 마왕 볼드모트의 상징인 어둠의 표식이 나타난 것. 볼드모트가 13년 전에 자취를 감춘 뒤, 감히 모습을 드러내지 못했던 그의 추종자 데스 이터들이 그 표식을 불러낸 것이다. 두려움으로 가득 찬 해리는 안전한 호그와트 마법학교로 돌아가고 싶어한다. 덤블도어 교장이라면 자신을 지켜줄 수 있을 것이기에. 그러나 올해는 예년과 상황이 좀 다른데...",
			"poster_path": "https://image.tmdb.org/t/p/w500/h6BhNwNXg0IEbs2PoWfCX9QEvgl.jpg",
			"movie_id": 674
		}
	},
	{
		"model": "movies.movie",
		"pk": 15,
		"fields": {
			"title": "해리 포터와 불사조 기사단",
			"overview": "길고도 지루한 여름 날 호그와트 마법학교 다섯 번째 해를 기다리고 있는 해리포터(다니엘 래드클리프). 이모부 더즐리 식구들과 참고 사는 것도 지겨운데다 친구 론(루퍼트 그린트)과 헤르미온느(엠마 왓슨)에게서는 편지 한 통 오지 않는다. 그러던 중 예상치 못했던 편지 한 장이 도착한다. 그것은 해리가 학교 밖인 리틀 위닝에서 얄미운 사촌 두들리, 즉 머글 앞에서 디멘터들의 공격을 막는 마법을 사용했기 때문에 호그와트 마법학교에서 퇴학 당하게 되었다는 소식이었다. 앞이 캄캄한 해리. 갑자기 어둠의 마법사 오러들이 나타나 해리를 불사조 기사단의 비밀 장소로 데리고 가는데...",
			"poster_path": "https://image.tmdb.org/t/p/w500/LcI8YBTxxsVVfxyJPkTM4nsFS6.jpg",
			"movie_id": 675
		}
	},
	{
		"model": "movies.movie",
		"pk": 16,
		"fields": {
			"title": "해리 포터와 아즈카반의 죄수",
			"overview": "13세가 된 해리 포터는 또 한번의 여름 방학을 이모 가족인 더즐리 일가와 우울하게 보내야 했다. 물론 마법을 쓰는 건 일체 금지. 하지만, 버논 이모부의 누이인 마지 아줌마가 더즐리 가를 방문하면서 상황은 변한다. 위압적인 마지는 해리에겐 늘 공포의 대상. 마지 아줌마 때문에 스트레스를 받던 해리는 급기야 실수로 그녀를 거대한 괴물 풍선으로 만들어 하늘 높이 띄워 보내버리고 만다. 이모와 이모부에게 벌을 받을 것도 두렵고, 일반 세상에선 마법 사용이 금지돼 있는 것을 어겼기 때문에 호그와트 마법학교와 마법부의 징계가 걱정된 해리는 밤의 어둠 속으로 도망치지만, 순식간에 근사한 보라색 3층 버스에 태워져 한 술집으로 인도되고 마는데...",
			"poster_path": "https://image.tmdb.org/t/p/w500/anwNl1xbzXoj5Ax1nVw3WoDzHlw.jpg",
			"movie_id": 673
		}
	},
	{
		"model": "movies.movie",
		"pk": 17,
		"fields": {
			"title": "해리 포터와 혼혈 왕자",
			"overview": "어둠의 세력이 더욱 강력해져 머글 세계와 호그와트까지 위협해온다. 위험한 기운을 감지한 덤블도어 교수는 다가올 전투에 대비하기 위해 해리 포터와 함께 대장정의 길을 나선다. 볼드모트를 물리칠 수 있는 유일한 단서이자 그의 영혼을 나누어 놓은 7개의 호크룩스를 파괴하는 미션을 수행해야만 하는 것! 또한 덤블도어 교수는 호크룩스를 찾는 기억여행에 결정적 도움을 줄 슬러그혼 교수를 호그와트로 초청한다. 한편 학교에서는 계속된 수업과 함께 로맨스의 기운도 무르익는다. 해리는 자신도 모르게 지니에게 점점 끌리게 되고, 새로운 여자 친구가 생긴 론에게 헤르미온느는 묘한 질투심을 느끼는데...",
			"poster_path": "https://image.tmdb.org/t/p/w500/fHfnrfpQXt91XN4XBh9DMDFuYdq.jpg",
			"movie_id": 767
		}
	},
	{
		"model": "movies.movie",
		"pk": 18,
		"fields": {
			"title": "해리 포터와 마법사의 돌",
			"overview": "해리 포터는 위압적인 버논 숙부와 냉담한 이모 페투니아, 욕심 많고 버릇없는 사촌 더즐리 밑에서 갖은 구박을 견디며 계단 밑 벽장에서 생활한다. 이모네 식구들 역시 해리와의 동거가 불편하기는 마찬가지. 이모 페투니아에겐 해리가 이상한 언니 부부에 관한 기억을 떠올리게 만드는 달갑지 않은 존재다. 11살 생일이 며칠 앞으로 다가왔지만 한번도 생일파티를 치르거나 제대로 된 생일선물을 받아 본 적이 없는 해리로서는 특별히 신날 것도 기대 할 것도 없다. 11살 생일을 며칠 앞둔 어느 날 해리에게 초록색 잉크로 쓰여진 한 통의 편지가 배달된다. 그 편지의 내용은 다름 아닌 해리의 11살 생일을 맞이하여 호그와트에서 보낸 입학 초대장이었다. 그리고 해리의 생일을 축하하러 온 거인 해그리드는 해리가 모르고 있었던 해리의 진정한 정체를 알려주는데...",
			"poster_path": "https://image.tmdb.org/t/p/w500/y1idJpIerVcF2RyESW3IaVaJQEO.jpg",
			"movie_id": 671
		}
	},
	{
		"model": "movies.movie",
		"pk": 19,
		"fields": {
			"title": "해리 포터와 죽음의 성물 1",
			"overview": "덤블도어 교장의 죽음 이후, 마법부는 죽음을 먹는 자들에게 점령당하고 호그와트는 위기에 빠진다. 성년이 되며 해리를 지켜주던 수호 마법은 사라지고 해리와 론, 헤르미온느는 볼드모트 영혼의 조각이 보관된 호크룩스를 찾아 파괴하기 위한 모험을 떠난다. 그러나 이미 볼드모트에 의해 장악된 마법세계에서 죽음을 먹는 자들을 피해 숨어다니는 것만으로도 쉽지 않다. 세 사람에게 남겨진 덤블도어의 유품은 수수께끼처럼 그저 막막하고, 아무런 단서도 없이 떠난 그들의 모험은 불안과 초조함으로 가득하다. 계속되는 시련의 나날 속에 세 친구는 끊임없이 서로에 대한 믿음과 숙명에 대한 의지를 시험받는다.",
			"poster_path": "https://image.tmdb.org/t/p/w500/lOXvz8HrgOkp7AXGQp1APKeZqag.jpg",
			"movie_id": 12444
		}
	},
	{
		"model": "movies.movie",
		"pk": 20,
		"fields": {
			"title": "해리 포터와 죽음의 성물 2",
			"overview": "덤블도어 교장이 남긴 죽음의 성물의 단서를 쫓던 해리 포터는 볼드모트가 그토록 찾아 다닌 절대적인 힘을 가진 지팡이의 비밀을 통해 드디어 마지막 퍼즐을 완성한다. 볼드모트의 영혼이 담긴 다섯 번째 호크룩스를 찾기 위해 마법학교 호그와트로 돌아온 해리와 친구들은 그들을 잡으려는 보안마법에 걸려 위기를 맞지만 덤블도어의 동생인 에버포스의 도움으로 벗어난다. 그리고 그에게서 덤블도어와 어둠의 마법사 그린델왈드에 관한 놀라운 과거에 대해 알게 된다. 한편 볼드모트는 해리에 의해 호크룩스들이 파괴되었음을 느끼고 호그와트로 향한다. 해리를 주축으로 한 불사조 기사단과 죽음을 먹는 자들 간의 전투가 벌어지며 호그와트는 거대한 전쟁터로 변하게 되는데...",
			"poster_path": "https://image.tmdb.org/t/p/w500/ehUeFvQeo8Vr2aDIKLsLbC8okcw.jpg",
			"movie_id": 12445
		}
	},
	{
		"model": "movies.movie",
		"pk": 21,
		"fields": {
			"title": "알라딘",
			"overview": "알라딘은 전광석화 같은 손놀림과 타고난 삼십육계 줄행랑을 고루 갖춘 아그라바 왕국의 좀도둑이다. 원숭이 친구 아부를 대동한 채 굶주림에 고통받는 아이들을 못 본 척하지 않는 게 그의 인간적인 매력. 어느 날 아그라바 왕국을 다스리는 술탄이 애지중지하는 딸 자스민 공주가 백성들을 살피기 위해 성 밖으로 나왔다가 빵을 훔쳤다는 누명을 쓰게 된다. 마침 그 광경을 목격한 알라딘은 자스민 공주를 위기에서 구해준다. 자스민 공주가 왕궁에서 일하는 시녀인 줄 알고 그녀를 보러 성 안에 들어간 알라딘은 재상 자파에게 붙잡히고 마는데...",
			"poster_path": "https://image.tmdb.org/t/p/w500/hvoi0h5hX7cKjatXvbc3gYqT1Xw.jpg",
			"movie_id": 420817
		}
	},
	{
		"model": "movies.movie",
		"pk": 22,
		"fields": {
			"title": "타이타닉",
			"overview": "17세기 엄격한 사회 질서에 숨막혀 하는 미국 상류층 로즈는 사교계의 굴레에서 벗어나지 못하는 어머니와 권위적인 재벌 귀족 약혼자와 함께 미국으로 향하는 타이타닉호 1등실에 승선한다. 부두의 선술집에서 도박으로 운 좋게 타이타닉호의 3등실 티켓을 얻은 가난한 화가 잭 역시 아슬아슬하게 배에 승선한다. 첫 눈에 로즈에게 반한 잭은 갑판에서 바다로 몸을 던지려 하는 로즈를 발견하고 재치 있는 언변과 행동으로 그녀의 생명을 구한다. 이 사건을 계기로 1등실의 저녁식사에 초대받게 되고 서로에게 끌리는 자신들을 발견한다.",
			"poster_path": "https://image.tmdb.org/t/p/w500/p0L1f5YRiUmbExUTn5VbFQtxfpN.jpg",
			"movie_id": 597
		}
	},
	{
		"model": "movies.movie",
		"pk": 23,
		"fields": {
			"title": "토이 스토리",
			"overview": "카우보이 인형 우디는 꼬마 주인인 앤디의 가장 사랑받는 장난감이다. 그러나 어느날 버즈라는 새로운 장난감이 등장한다.  버즈는 최신형 장난감으로 레이저 빔 등의 첨단장비를 갖추고 있으나, 버즈는 자신이 장난감임을 인식하지 못하고 자신이 우주에서 온 전사이며 자신이 갖춘 장비로 하늘을 날 수 있다고 믿고 있다. 버즈의 허상을 상처받지 않고 인식시켜 주려는 우디와 친구들. 그러나 뜻밖의 사고가 일어난다. 옆집 개에게 버즈가 납치당하고 이런 버즈를 구하기 위해 우디와 친구들은 구조대를 조직해 버즈를 구하러 가는데...",
			"poster_path": "https://image.tmdb.org/t/p/w500/5ELwzkC7QY9vug20AvRFOXBzLbG.jpg",
			"movie_id": 862
		}
	},
	{
		"model": "movies.movie",
		"pk": 24,
		"fields": {
			"title": "토이 스토리 2",
			"overview": "앤디가 카우보이 캠프에 간 동안 앤디의 어머니는 벼룩 시장을 열고 앤디의 장난감 중 위지가 팔려가게 될 운명이 되자 우디가 위지를 구하러 간다. 그러나 우디는 토이 수집가 알에게 유괴당한다. 우디는 원래 제시와 스팅키와 한 세트로 셋이 모이면 일본의 토이 박물관에 갈 수 있다. 알은 우디를 새 것처럼 고쳐주고 제시와 스팅키는 우디와 함께 박물관으로 갈 것을 우디에게 요청한다. 앤디와 친구들을 생각하며 처음엔 거절했으나 우디는 그들과 함께 박물관으로 가기로 한다. 그러나 이 사실을 모르는 버즈와 토이 친구들은 구조대를 결성해 우디를 구하러 가는데...",
			"poster_path": "https://image.tmdb.org/t/p/w500/gXUNsdIIn6NiEBvh8Mq6gjgVPm0.jpg",
			"movie_id": 863
		}
	},
	{
		"model": "movies.movie",
		"pk": 25,
		"fields": {
			"title": "토이 스토리 3",
			"overview": "모든 장난감들이 겪는 가장 슬픈 일은 바로 주인이 성장해 더이상 자신들과 놀아주지 않는 것. 우디와 버즈에게도 그 위기가 찾아온다. 앤디가 대학에 진학, 집을 떠나게 된 것. 헤어짐의 불안에 떨던 토이들은 앤디 엄마의 실수로 집을 나오게 되고 우여곡절 끝에 탁아소에 기증된다. 앤디가 자신들을 버렸다고 생각하는 장난감들. 게다가 어린이집의 아이들은 난폭하고 험한 데다가, 상상도 못했던 거대한 음모까지 숨겨져 있는 어린이집 장난감의 세계. 앤디가 여전히 자신들을 사랑한다는 사실을 알게 된 장난감들은 앤디 곁으로 돌아가기 위해 생애 가장 큰 모험을 결심하는데...",
			"poster_path": "https://image.tmdb.org/t/p/w500/hbUWahBLUon8RaIb9Tq7aWCBCtS.jpg",
			"movie_id": 10193
		}
	},
	{
		"model": "movies.movie",
		"pk": 26,
		"fields": {
			"title": "토이 스토리 4",
			"overview": "앤디와 작별한 우디는 새로운 주인 보니와의 생활에 적응 중이다. 보니는 처음 간 유치원에서 불안한 마음을 달래고자 포크를 가지고 새 장난감 포키를 만든다. 쓰레기에서 장난감으로 거듭난 포키는 자꾸 쓰레기통으로 도망치려 하지만 우디는 보니를 위해 포키를 돌봐주기로 한다. 어느 날 가족여행으로 함께 떠난 놀이공원에서 포키가 납치되고, 포키를 구하기 위한 모험을 하던 중 우디는 우연히 오래 전 헤어진 친구 보핍을 만난다. 우디는 주인 없이 자유로운 삶을 살고 있는 보핍을 보며 마음이 흔들리기 시작하는데...",
			"poster_path": "https://image.tmdb.org/t/p/w500/9P8IX4UyH3QFLL4MV6GZyuOB7Ue.jpg",
			"movie_id": 301528
		}
	},
	{
		"model": "movies.movie",
		"pk": 27,
		"fields": {
			"title": "맘마 미아!",
			"overview": "그리스의 작은 섬에서 모텔을 운영하는 도나(메릴 스트립)의 딸 소피(아만다 사이프리드)는 연인 스카이와 행복한 결혼을 앞두고 있다. 그러나 완벽한 결혼을 꿈꾸는 그녀의 계획에 한가지 걸리는 것이 있으니, 바로 결혼식장에 자신의 손을 잡고 입장해 줄 아빠가 없다는 것. 결혼식을 앞두고 우연히 낡은 트렁크에서 엄마의 일기장을 발견한 소피는 아빠로 추정되는 세 남자의 이름을 발견하고 도나의 이름으로 이들을 결혼식에 초대한다. 마침내 결혼식이 다가오고 소피가 초대한 세 남자 샘(피어스 브로스넌), 해리(콜린 퍼스), 빌(스텔란 스카스가드)이 그리스 섬에 도착하면서 도나는 당황하게 되는데...",
			"poster_path": "https://image.tmdb.org/t/p/w500/9fnWov6Mb7LJKA2dJLV9h1mcSnF.jpg",
			"movie_id": 11631
		}
	},
	{
		"model": "movies.movie",
		"pk": 28,
		"fields": {
			"title": "맘마 미아! 2",
			"overview": "스카이(도미닉 쿠퍼)와의 행복한 여행이 끝나고, 마침내 그리스 칼로카이리 섬으로 돌아온 소피(아만다 사이프리드). 그녀는 엄마 도나(메릴 스트립)가 운영하던 호텔의 재개장을 준비하며 홀로서기를 결심한다.  소피를 도와주기 위해 찾아온 도나의 오랜 친구 타냐와 로지, 그리고 그녀의 사랑스러운 세 아빠들(?) 샘, 해리, 빌까지! 소피는 이들과 소중한 시간을 함께 보내며, 한 번도 들은 적 없던 도나의 찬란했던 20대 추억을 들여다보게 된다. 그리고 그들 앞에 뜻밖의 손님, 할머니 루비 셰리던(셰어)이 찾아오고, 영원히 잊지 못할 한여름 밤의 파티가 시작되는데...",
			"poster_path": "https://image.tmdb.org/t/p/w500/kOtJnv1plVPLTO6JadPv3WrWanF.jpg",
			"movie_id": 458423
		}
	},
	{
		"model": "movies.movie",
		"pk": 29,
		"fields": {
			"title": "니모를 찾아서",
			"overview": "광대어 말린은 아내 코랄과 2세들의 부화를 기다리던 중 상어의 습격을 받는다. 알을 보호하려던 아내는 행방불명되고, 유일하게 살아남은 아기에게 말린은 니모라는 이름을 붙인다. 사건 이후 큰 바다를 무조건 겁내게 된 말린은 니모를 과보호한다. 하지만 니모는 등교 첫날 잠수부에게 납치돼 시드니에 있는 치과의사의 수족관에 끌려가고, 슬픔으로 혼비백산한 아빠 말린은 평소의 심약함을 잊고니모를 찾아나선다. 단기기억상실증을 지닌 명랑한 물고기 도리의 도움으로 상어, 심해어, 해파리의 위협을 뚫고 동호주 해류로 향하는 동안, 니모는 수족관의 새 친구들과 탈출을 모의한다.",
			"poster_path": "https://image.tmdb.org/t/p/w500/9ViCYfZ0whpwtKbM2WJP5PfsG2x.jpg",
			"movie_id": 12
		}
	},
	{
		"model": "movies.movie",
		"pk": 30,
		"fields": {
			"title": "캐리비안의 해적: 망자의 함",
			"overview": "잭 스패로우는 블랙펄을 되찾아 포트 로열을 떠났지만 그를 기다리는 것은 수평선만이 아니었다. 유령선 플라잉 더치맨의 선장 데이비 존스는 잭이 자신에게 피로 진 빚이 있다면서 빚을 갚거나 영혼을 내놓으라고 요구한다. 불행 중 다행한 것은 잭에게 피의 빚 외에도 중매의 은총이 있었다는 것. 결혼을 앞둔 윌 터너와 엘리자베스 스완은 만사를 제쳐두고 옛 친구를 도우러 온다. 잭을 구할 수 있는 단 한 가지 방법은 세상 끝에 있다는 망자의 함을 찾는 것 뿐인데...",
			"poster_path": "https://image.tmdb.org/t/p/w500/6tD4oT7C01aZLVfoZDz5VFVbJCi.jpg",
			"movie_id": 58
		}
	},
	{
		"model": "movies.movie",
		"pk": 31,
		"fields": {
			"title": "캐리비안의 해적: 블랙펄의 저주",
			"overview": "잭 스패로우는 10년 전의 반란 사건으로 자신의 배 블랙펄을 빼앗긴 해적 선장이다. 혼자 대양을 떠돌던 그는 자메이카의 로열포트에 이르러 유령선처럼 변해버린 블랙펄과 재회하게 된다. 아즈텍의 황금을 훔친 블랙펄의 선원들은 영원히 죽지 못하는 저주에 걸린 처지. 보물을 모두 제자리에 돌려놓고 피의 제물을 바쳐야만 고대 신들이 내린 저주를 풀 수 있다. 그들은 로열포트를 습격해 아즈텍의 마지막 목걸이를 가진 총독의 딸 엘리자베스를 납치하고, 엘리자베스를 사랑하는 어린 시절 친구 윌과 스패로우는 그 뒤를 쫓는데...",
			"poster_path": "https://image.tmdb.org/t/p/w500/3ovejwQO4fKOWx4VgGBJeT8CKCn.jpg",
			"movie_id": 22
		}
	},
	{
		"model": "movies.movie",
		"pk": 32,
		"fields": {
			"title": "캐리비안의 해적: 세상의 끝에서",
			"overview": "윌 터너와 엘리자베스 스완, 바르보사 선장은 바다괴물 크라켄에 잡아먹힌 잭 스패로우를 구하는 데 도움을 얻기 위해 싱가포르의 해적 사오펭을 찾아간다. 이들은 잭 스패로우가 있어야만 해적연맹의 아홉 영주를 모아 연합함대를 구성할 수 있고, 해적 소탕에 쌍심지를 켠 동인도회사에 맞설 수 있다. 동인도회사의 커틀러 베켓 경은 유령선 플라잉 더치맨과 그 선장 데비 존스를 수하에 거느리게 된 터. 이 힘이 막강해서, 해적 연합함대는 다시 바다의 여신 칼립소에게 도움을 요청하기로 한다.",
			"poster_path": "https://image.tmdb.org/t/p/w500/bTotG6tZERQqfKr2TDjwdjW8It4.jpg",
			"movie_id": 285
		}
	},
	{
		"model": "movies.movie",
		"pk": 33,
		"fields": {
			"title": "캐리비안의 해적: 낯선 조류",
			"overview": "부두교의 주술을 부리던  검은 수염은 다리가 한쪽인 남자에게 죽게 된다는 예언을 듣게 된다. 자신의 수명을 늘리기 위해 검은 수염은 젊음의 샘을 찾으러 떠나고, 바르보사 또한 검은수염에게 복수를 하기 위해 그를 뒤쫒는다. 한편 영국에서 블랙펄의 선장이 선원을 모집한다는 소문을 듣게 된 잭 스패로우는 자신을 사칭하는 사기꾼을 잡으려다 영국 왕실에 체포되고, 영국의 국왕은 잭 스패로우에게 젊음의 샘으로 가는 길을 안내하라고 명령하고, 이에 필요한 선장과 배, 선원을 모두 내 주겠다고 하는데...",
			"poster_path": "https://image.tmdb.org/t/p/w500/osJVVjkHmoO5WoJfbBsImYrKWIb.jpg",
			"movie_id": 1865
		}
	},
	{
		"model": "movies.movie",
		"pk": 34,
		"fields": {
			"title": "캐리비안의 해적: 죽은 자는 말이 없다",
			"overview": "윌 터너는 죽은 자들을 저승으로 인도하는 플라잉 더치맨호의 선장이다. 뭍에는 일년에 한번밖에 올라오지 못하고, 평생 바다 속에서 지낼 운명에 처해 있다. 윌 터너의 아들, 헨리 터너는 아버지의 저주를 풀기위해 바다 전설을 섭렵했다. 그가 찾은 해결책은 포세이돈의 삼지창을 찾는 것이다. 헨리는 자신을 도와줄 캡틴 잭 스패로우를 찾아 전세계 바다를 떠돈다. 잭 스패로우를 찾는 이는 또 있다. 악마의 삼각지대에 발이 묶인 채 좀비가 되어버린 캡틴 살라자르 일당이 그들인데...",
			"poster_path": "https://image.tmdb.org/t/p/w500/arcIFL50IPQT7JDG2SD6tzcOlRL.jpg",
			"movie_id": 166426
		}
	},
	{
		"model": "movies.movie",
		"pk": 35,
		"fields": {
			"title": "킹스맨: 시크릿 에이전트",
			"overview": "높은 IQ, 주니어 체조대회 2년 연속 우승! 그러나 학교 중퇴, 해병대 중도 하차. 동네 패싸움에 직장은 가져본 적도 없이 별볼일 없는 루저로 낙인 찍혔던 ‘그’가‘젠틀맨 스파이’로 전격 스카우트 됐다! 전설적 베테랑 요원 해리 하트(콜린 퍼스)는 경찰서에 구치된 에그시(태런 애거튼)를 구제한다. 탁월한 잠재력을 알아본 그는 에그시를 전설적 국제 비밀정보기구 ‘킹스맨’ 면접에 참여시킨다. 아버지 또한 ‘킹스맨’의 촉망 받는 요원이었으나 해리 하트를 살리기 위해 죽었다는 사실을 알게 된 에그시. 목숨을 앗아갈 만큼 위험천만한 훈련을 통과해야 하는 킹스맨 후보들. 최종 멤버 발탁을 눈 앞에 둔 에그시는 최고의 악당 발렌타인(사무엘 L. 잭슨)을 마주하게 되는데…",
			"poster_path": "https://image.tmdb.org/t/p/w500/9trg6xOTadyHOkl5rN5nlLjx4L8.jpg",
			"movie_id": 207703
		}
	},
	{
		"model": "movies.movie",
		"pk": 36,
		"fields": {
			"title": "킹스맨: 골든 서클",
			"overview": "철저하게 비밀에 둘러싸인 채 세상을 안전하게 지키는 임무를 수행해온 독자적인 국제 정보 조직 킹스맨. 그러나 어느 날 국제적 범죄조직 골든 서클에 의해 킹스맨 본부가 무참히 파괴된다. 에그시(태런 에저튼)와 멀린(마크 스트롱)은 킹스맨 ‘최후의 날’ 규약에 따라 발견된 위스키 병에서 ‘미국 켄터키’라는 키워드를 얻게 되고, 그 곳에서 형제 조직인 스테이츠맨의 존재를 알게 된다. 전 세계를 장악하기 위해 위협적인 비지니스를 추진 중인 골든 서클과 수장 포피(줄리안 무어). 이들의 계획을 막기 위한 킹스맨과 스테이츠맨의 작전이 시작된다.",
			"poster_path": "https://image.tmdb.org/t/p/w500/rn7A2OipBl2560Nq3sUXPnFfhhu.jpg",
			"movie_id": 343668
		}
	},
	{
		"model": "movies.movie",
		"pk": 37,
		"fields": {
			"title": "킹스맨: 퍼스트 에이전트",
			"overview": "역사상 최악의 폭군들과 범죄자들이 모여 수백만 명을 학살하기 위한  전쟁을 모의하는 급박한 상황 속, 그들을 막아야 하는 한 사람이 있다. 비밀에 쌓여 있던 독립 정보 기관 ‘킹스맨’의 탄생을 확인하라!",
			"poster_path": "https://image.tmdb.org/t/p/w500/zuK1N5pK9IJJ4FBvS5OOLUsRp0D.jpg",
			"movie_id": 476669
		}
	},
	{
		"model": "movies.movie",
		"pk": 38,
		"fields": {
			"title": "위대한 개츠비",
			"overview": "1922년 뉴욕 외곽에서 살고 있는 닉은 호화로운 별장에 살고 있는 이웃 개츠비에게 관심을 갖게 된다. 제1차 세계대전에 참전한 후 옥스포드에서 공부한 적이 있다는 개츠비는 비밀이 가득한 의문의 사나이로, 토요일마다 떠들썩한 파티를 열어 많은 손님을 초대한다. 파티에서 개츠비와 우정을 쌓게 된 닉은 자신의 사촌 데이지와 개츠비가 연인 사이였던 것을 알게 된다. 데이지는 가난한데다 전쟁터에서도 돌아오지 않는 개츠비를 잊은 채 부유한 톰과 결혼한 상태. 하지만 톰은 정비공의 아내와 은밀한 사이였고, 개츠비와 재회하게 된 데이지는 잊혀졌던 사랑의 감정을 되살리는데...",
			"poster_path": "https://image.tmdb.org/t/p/w500/1TQjpuZOp8l5mspPgK85ZmD3gjp.jpg",
			"movie_id": 64682
		}
	},
	{
		"model": "movies.movie",
		"pk": 39,
		"fields": {
			"title": "캡틴 마블",
			"overview": "외계 크리 문명의 수도 할리, 캐롤 댄버스은 압도적인 능력을 가진 전사다. 그는 멘토 욘 로그로부터 힘을 통제하고 과거의 기억은 묻어야 한다는 가르침을 받고 있다. 그러던 어느 날, 변방 행성 토르파에서 스크럴 종족에게 붙잡혀 뇌를 스캔당한 캐롤은 과거 자신이 낯선 행성의 파일럿이었음을 알게 된다. 스크럴을 따돌리고 탈출하는 과정에서 공교롭게 C-53 행성, 즉 지구에 불시착한 캐롤. 우여곡절 끝에 쉴드 신참 요원 닉 퓨리에게 발견되어 팀을 이룬 그들은 지구로 향하는 더 큰 위협을 감지하고 힘을 합쳐 전쟁을 끝내야 하는데...",
			"poster_path": "https://image.tmdb.org/t/p/w500/drUQlYwVayHiOqzc8dCbDYQijxW.jpg",
			"movie_id": 299537
		}
	},
	{
		"model": "movies.movie",
		"pk": 40,
		"fields": {
			"title": "스파이더맨: 노 웨이 홈",
			"overview": "",
			"poster_path": "https://image.tmdb.org/t/p/w500/5RjyUm9HP2ZRwvqCqK9sDqlQHxa.jpg",
			"movie_id": 634649
		}
	},
	{
		"model": "movies.movie",
		"pk": 41,
		"fields": {
			"title": "스파이더맨: 홈커밍",
			"overview": "토니 스타크의 제안을 받고 시빌 워에 참여한 피터 파커는 다음 임무가 언제일지 설렘을 안고 하루하루를 보낸다. 토니는 MIT 진학 준비에 전념할 것을 권하지만 친절한 이웃에 머무는 것은 피터의 성에 차지 않는다. 한편 어벤져스 군단과 외계 세력의 전투로 생긴 산업폐기물을 처리하던 아드리안 툼즈는 그 일이 토니 스타크와 정부에 넘어가면서 하루아침에 빈털터리가 된다. 이에 앙심을 품은 아드리안은 외계 첨단무기를 훔쳐서 개조하는 빌런이 되고, 그의 존재를 알게 된 피터는 도움을 빌리지 않고 자기가 일을 해결해보려고 한다.",
			"poster_path": "https://image.tmdb.org/t/p/w500/nS8700DvlmXBVX0UqZZwnCcFB1X.jpg",
			"movie_id": 315635
		}
	},
	{
		"model": "movies.movie",
		"pk": 42,
		"fields": {
			"title": "스파이더맨: 파 프롬 홈",
			"overview": "어벤져스 멤버들과 타노스와의 대접전을 마친 뒤, 지난 5년 동안 사라졌던 사람들이 동시에 돌아왔다. 아이언맨이 떠난 채 한동안 지구를 구할 히어로가 공석인 상황을 수습할 히어로는 현재 스파이더맨 피터 파커뿐이다. 친구들과의 유럽 현장학습 도중 닉 퓨리의 부름을 받게 된 피터는 미스테리오라는 정체 모를 히어로와 힘을 합쳐 엘리멘탈이라는 괴생명체를 무찔러야 하는 상황에 처한다. 그런데 피터는 지구를 구하는 일보다 MJ에게 멋지게 고백할 계획이 우선인데...",
			"poster_path": "https://image.tmdb.org/t/p/w500/742vR63T1AcXzYwHypQpzZd89vh.jpg",
			"movie_id": 429617
		}
	},
	{
		"model": "movies.movie",
		"pk": 43,
		"fields": {
			"title": "어벤져스: 엔드게임",
			"overview": "어벤져스의 패배 이후 지구는 초토화됐고 남은 절반의 사람들은 정신적 고통을 호소하며 하루하루를 근근이 버텨나간다. 와칸다에서 싸우다 생존한 히어로들과 우주의 타이탄 행성에서 싸우다 생존한 히어로들이 뿔뿔이 흩어졌는데, 아이언맨과 네뷸라는 우주를 떠돌고 있고 지구에 남아 있는 어벤져스 멤버들은 닉 퓨리가 마지막에 신호를 보내다 만 송신기만 들여다보며 혹시 모를 우주의 응답을 기다리는 중이다. 애초 히어로의 삶을 잠시 내려놓고 가족과 시간을 보내던 호크아이 역시 헤아릴 수 없는 마음의 상처를 입은 채 사라지고 마는데...",
			"poster_path": "https://image.tmdb.org/t/p/w500/n78LK2t1uQP68Ud0VXHRe0HmKOp.jpg",
			"movie_id": 299534
		}
	},
	{
		"model": "movies.movie",
		"pk": 44,
		"fields": {
			"title": "분노의 질주: 더 세븐",
			"overview": "도미닉(반 디젤)과 멤버들은 범죄조직 소탕 후 모든 전과를 사면 받고 평범한 일상으로 돌아간다. 하지만 평화도 잠시, 전작에서 처리한 범죄조직의 리더 오웬 쇼의 형 데카드 쇼(제이슨 스타뎀)가 동생의 복수를 위해 멤버들을 차례로 공격한다. 특수부대 출신 용병 데카드 쇼의 난입으로 한(성 강)이 갑작스레 사망하게 되고, 도미닉의 집은 순식간에 폭파당한다. 이에 맞서는 정부요원 페티(커트 러셀)는 도미닉을 돕는 조건으로 납치당한 해커 램지(나탈리 엠마누엘)의 구출을 의뢰하고, 도미닉은 멤버들을 다시 모아 숨막히는 반격을 시작한다.",
			"poster_path": "https://image.tmdb.org/t/p/w500/cuQdgDYANbKA46e4va2fz6fODkc.jpg",
			"movie_id": 168259
		}
	},
	{
		"model": "movies.movie",
		"pk": 45,
		"fields": {
			"title": "분노의 질주: 더 맥시멈",
			"overview": "억만 불이 걸린 한 탕에 성공한 후, 정부의 추적을 피해 전세계를 떠돌던 도미닉(빈 디젤)과 브라이언(폴 워커).  1급 수배자가 되어 고향으로 돌아갈 수 없게 된 그들 앞에 타고난 본능의 베테랑 정부 요원 홉스(드웨인 존슨)가  찾아온다. 전세계에 걸쳐 군 호송 차량을 습격하며 범죄를 일삼고 있는 레이싱팀 소탕 작전의 도움을 청하기 위한 것.  죽은 줄로만 알았던 자신의 연인 레티(미셀 로드리게즈)가 거대 범죄조직의 일원이라는 충격적 사실에 도미닉은 브라이언을 비롯한 최고 정예 멤버들을 소집하고, 최강의 적에 맞선 사상 최대의 프로젝트가 시작되는데...",
			"poster_path": "https://image.tmdb.org/t/p/w500/irurzn8D84eA0ttCq2Wr3S1s5ks.jpg",
			"movie_id": 82992
		}
	},
	{
		"model": "movies.movie",
		"pk": 46,
		"fields": {
			"title": "분노의 질주: 더 얼티메이트",
			"overview": "도미닉(빈 디젤)은 자신과 가장 가까웠던 형제 제이콥(존 시나)이 사이퍼(샤를리즈 테론)와 연합해 전 세계를 위기로 빠트릴 위험천만한 계획을 세운다는 사실을 알게 되고, 이를 막기 위해 다시 한번 패밀리들을 소환한다. 가장 가까운 자가 한순간, 가장 위험한 적이 된 상황 도미닉과 패밀리들은 이에 반격할 놀라운 컴백과 작전을 세우고 지상도, 상공도, 국경도 경계가 없는 불가능한 대결이 시작되는데...",
			"poster_path": "https://image.tmdb.org/t/p/w500/szGpS43AM11mGzTdxFQ5wOis3EH.jpg",
			"movie_id": 385128
		}
	},
	{
		"model": "movies.movie",
		"pk": 47,
		"fields": {
			"title": "분노의 질주: 언리미티드",
			"overview": "25년형을 선고받은 도미닉 토레도(빈 디젤)는 감옥으로 수송되던 도중, 브라이언(폴 워커)과 도미닉의 동생이자 브라이언의 연인 미아(조다나 브루스터)의 도움으로 탈옥에 성공한다. 세 사람이 다시 뭉치는 곳은 브라질의 리우데자네이루. 그들은 도주에 필요한 돈을 구하려다 도시를 장악하고 있는 라이즈(호아킴 드 알마이더)의 음모에 휘말린다. 경찰에 쫓기던 중 미아는 임신 사실을 고백하고, 정착할 때가 됐다고 판단한 세 사람은 라이즈를 상대로 마지막 한탕을 준비한다.다. 한편 FBI는 도미닉을 잡기 위해 다혈질 현장요원인 홉스(드웨인 존슨)를 급파하는데...",
			"poster_path": "https://image.tmdb.org/t/p/w500/dcPmQHAng1HtpA4NjCKe7XgQp6r.jpg",
			"movie_id": 51497
		}
	},
	{
		"model": "movies.movie",
		"pk": 48,
		"fields": {
			"title": "뉴 문",
			"overview": "초능력을 가진 뱀파이어 에드워드는 인간 벨라가 자신 때문에 위험해지자 냉정하게 그녀를 떠난다.  이제 벨라를 지키는 것은 오랜 친구 제이콥. 하지만 제이콥은 뱀파이어와 적을 이루는 늑대인간 ‘퀼렛족’의 일원으로 벨라와 에드워드를 떼어놓고자 한다.  그러던 어느 날 벨라는 자신이 위험한 사고를 당할 때마다 에드워드의 환영이 보인다는 것을 알고 급기야 절벽에서 떨어지는 무모한 행동을 한다. 그리고 이 사건은 누구도 예상치 못할 결과를 초래하는데…  인간과 뱀파이어의 위험한 사랑! 어둠을 지배하는 절대 세력의 탄생!  올 겨울, 운명에 맞선 거대한 대결이 시작된다!",
			"poster_path": "https://image.tmdb.org/t/p/w500/q1zQIaDMBgLzpW8Hikzhau1InvI.jpg",
			"movie_id": 18239
		}
	},
	{
		"model": "movies.movie",
		"pk": 49,
		"fields": {
			"title": "이클립스",
			"overview": "불멸의 사랑을 위해 뱀파이어가 되기로 결심한 벨라. 제이콥은 벨라의 선택을 가로막으며 자신을택하도록 종용하고 이로 인해 에드워드와의 갈등은 더욱 심해진다. 한편 시애틀에서 의문의 연쇄살인사건이 일어나고 에드워드는 곧 이 사건의 배후를 알게 되지만 벨라에게는 비밀로 하는데…",
			"poster_path": "https://image.tmdb.org/t/p/w500/9FiYRPWcGsKJZRVyuev6Tn6kBiV.jpg",
			"movie_id": 24021
		}
	},
	{
		"model": "movies.movie",
		"pk": 50,
		"fields": {
			"title": "브레이킹 던 Part1",
			"overview": "우여곡절 끝에 많은 이들의 축복 속에 뱀파이어 에드워드와 결혼식을 올린 벨라!  아직 마음을 정리하지 못한 제이콥을 뒤로하고 허니문을 떠난 벨라와 에드워드는  세상에서 가장 아름답고 특별한 첫날 밤을 보내게 된다.  행복한 시간도 잠시, 벨라는 예상치 못한 임신을 하게 된다.  새로운 생명의 탄생이 불러올 종족 간 최대의 위기!  시리즈 사상 가장 거대한 전쟁이 펼쳐진다!  한편 늑대인간 ‘퀼렛’족은 인간과 뱀파이어의 결합으로 생긴 아기가  후에 위험한 존재가 될 것이라고 판단, 임신한 벨라를 없애려 한다.  제이콥은 자신의 종족을 이탈해 뱀파이어 ‘컬렌’가와 함께 벨라를 지킨다.  그러나 벨라는 배 속에서 강력한 힘으로 빠르게 자라는 아기 때문에  목숨이 위태로운 상황에 놓이는데...!  전세계를 열광시킨 최고의 신드롬!  ‘트와일라잇’ 시리즈의 신화가 다시 시작된다!",
			"poster_path": "https://image.tmdb.org/t/p/w500/osAoEqaiNO61IEkbKllJ7KlzrfW.jpg",
			"movie_id": 50619
		}
	},
	{
		"model": "movies.movie",
		"pk": 51,
		"fields": {
			"title": "브레이킹 던 Part2",
			"overview": "르네즈미를 잉태하면서 죽음의 순간까지 닿았던 벨라는 그녀를 살리기 위한 에드워드의 노력으로 마침내 뱀파이어로 다시 태어나고,  제이콥이 자신의 딸 르네즈미에게 ‘각인’되었다는 사실을 알고 충격에 빠진다.  한편 르네즈미를 뱀파이어에게 위험한 ‘불멸의 아이’라고 판단한 볼투리가는 그녀를 제거하기 위해 군대를 모으기 시작한다.  신이 허락하지 않은 인간과 뱀파이어의 사랑이 불러 온 위험천만한 전운이 컬렌가를 감돌고 벨라와 르네즈미를 지키기 위해 전세계에 흩어져 있는 뱀파이어들을 모은 에드워드는 볼투리의 군대와 최후의 전쟁을 시작하는데...  전세계가 열광하는 매혹적인 판타지 대서사의 화려한 피날레가 마침내 시작된다!",
			"poster_path": "https://image.tmdb.org/t/p/w500/Akxxrqg1Zb6pLvj3MxlHCNFWDf0.jpg",
			"movie_id": 50620
		}
	},
	{
		"model": "movies.movie",
		"pk": 52,
		"fields": {
			"title": "레옹",
			"overview": "한 손엔 우유 2팩이 든 가방, 다른 한 손엔 화분을 들고 뿌리 없이 떠도는 킬러 레옹은 어느 날 옆 집 소녀 마틸다의 일가족이 몰살 당하는 것을 목격한다. 그 사이 심부름을 갔다 돌아 온 마틸다는 가족들이 처참히 몰살 당하자 레옹에게 도움을 청한다. 가족의 원수를 갚기 위해 킬러가 되기로 결심한 12세 소녀 마틸다는 레옹에게 글을 알려주는 대신 복수하는 법을 배우고, 그 사이 레옹에 대한 사랑을 키워나간다. 드디어 그녀는 가족을 죽인 사람이 부패한 마약 경찰 스탠스임을 알게 되고, 홀로 그의 사무실로 향하게 되는데...",
			"poster_path": "https://image.tmdb.org/t/p/w500/nmLhnK0Jxyj3WYZADgvrwFUY0wk.jpg",
			"movie_id": 101
		}
	},
	{
		"model": "movies.movie",
		"pk": 53,
		"fields": {
			"title": "로마의 휴일",
			"overview": "앤 공주(오드리 헵번)는 왕실의 제약과 정해진 스케줄에 싫증이 나자 로마를 여행하던 중 왕실을 몰래 빠져 나간다. 앤은 길거리에서 잠이 들었고 한 신사의 도움으로 서민의 생활을 즐긴다. 그러나 그 신사는 특종을 찾아다니는 신문기자였다. 처음에는 단지 특종을 잡기 위해서 앤공주와 로마의 거리를 다니며 공주가 한 번도 해보지 못한 일들을 하며 여러가지 해프닝을 벌인다. 이 모든 것이 그에게는 큰 특종이다. 이 사실을 모른 채 앤 공주는 친절한 그에게 정이 들었고 단지 특종만을 위해서 그녀와 함께 했던 기자 죠(그레고리 펙) 역시 순수한 앤 공주에게 끌리기 시작한다. 드디어 앤은 궁전으로 다시 돌아갔고 죠가 신문기자였던 것을 알게 된 앤은 그에게 실망을 한다. 그러나 죠는 앤공주의 사진을 기사로 쓰지 않고 그녀에게 선물이라며 전해준다.",
			"poster_path": "https://image.tmdb.org/t/p/w500/4QbjDuanqxit7JzFaarzt0aOkSr.jpg",
			"movie_id": 804
		}
	},
	{
		"model": "movies.movie",
		"pk": 54,
		"fields": {
			"title": "토르: 천둥의 신",
			"overview": "파괴를 일삼는 요툰하임을 제압한 왕 오딘의 통치로 평화로운 나날을 보내고 있는 신의 세계 아스가르드. 오딘의 아들인 토르의 왕위 계승식이 있던 날, 요툰하임의 지배자인 라우페이는 평화 협정을 위반하고 아스가르드를 침입한다. 이 사건으로 왕위에 오르지 못한 토르는 분노와 모욕감에 요툰하임을 공격하지만 막강한 군대에 포위되어 위기에 몰리게 되고, 오딘은 토르의 오만하고 경솔한 행동에 분노해 토르의 신으로서의 능력을 박탈한 채 인간 세계 미스가르드로 추방한다. 한편 천체의 이상현상을 연구하던 과학자 제인 일행은 거대한 섬광의 흔적을 쫓던 중, 그 현장 한가운데서 지구에 떨어진 토르와 맞닥뜨린다.",
			"poster_path": "https://image.tmdb.org/t/p/w500/f99ngOw3HByxzT85EgUdd7MF8c4.jpg",
			"movie_id": 10195
		}
	},
	{
		"model": "movies.movie",
		"pk": 55,
		"fields": {
			"title": "토르: 라그나로크",
			"overview": "은하계를 탐험하던 토르는 오딘의 오랜 숙적 수르트와의 대결에서 승리하는데, 수르트는 라그나로크가 이미 시작됐고, 막을 수 없을 것이라는 의미심장한 말을 남긴다. 한편 오딘의 힘이 약해지며 그가 봉인했던 죽음의 여신 헬라가 나타난다. 오딘의 첫째딸인 그녀는 두 동생, 토르와 로키를 가볍게 제압하고 아스가르드를 정복한다. 헬라와의 전쟁에서 묠니르를 잃고 사카아르라는 미지의 행성에 불시착한 토르는 아스가르드 행성으로 돌아가기 위해 고군분투한다. 행성의 통치자 그랜드 마스터는 행성 최고의 투사 챔피언과 싸워 이기면 행성을 떠나게 해주겠다고 토르에게 제안한다.",
			"poster_path": "https://image.tmdb.org/t/p/w500/jwswXltzpGaKZCtz1CiDjXHQYAs.jpg",
			"movie_id": 284053
		}
	},
	{
		"model": "movies.movie",
		"pk": 56,
		"fields": {
			"title": "토르: 다크 월드",
			"overview": "어벤져스의 뉴욕 사건 후, 다시 신들의 고향인 아스가르드 왕국으로 돌아간 토르와 로키. 지구를 위협한 로키는 지하 감옥에 갇히고, 토르는 아버지 오딘과 함께 우주의 질서를 재정립하기 위해 나선다. 1년 후, 지구에 혼자 남은 제인은 우연히 태초부터 존재해왔던 어둠의 종족 다크 엘프의 무기 에테르를 얻게 된다. 이 사실을 안 다크엘프의 리더 말레키스는 에테르를 되찾기 위해 제인과 아스가르드를 공격하고, 토르는 사랑하는 여인 제인과 아스가르드 왕국을 지키기 위해 로키에게 위험한 동맹을 제안하게 된다.",
			"poster_path": "https://image.tmdb.org/t/p/w500/aKnEwByCjXHpRoyOlSwYfmr9d5D.jpg",
			"movie_id": 76338
		}
	},
	{
		"model": "movies.movie",
		"pk": 57,
		"fields": {
			"title": "앤트맨과 와스프",
			"overview": "캡틴 아메리카의 요청으로 독일까지 가서 아이언맨 일행과 싸우고 돌아온 스콧은 어느 날 이상한 꿈을 꾼다. 그가 행크 핌 박사와 호프에게 꿈 이야기를 들려주자, 호프는 미지의 양자 영역에 갇혀버린 엄마 재닛의 메시지라는 것을 확신하게 된다. 행크 핌 박사는 자신의 비밀 연구소에서 그동안 개발해왔던 양자 터널과 탐색기를 이용해 1대 와스프 재닛의 구출작전을 펼치려 하지만, 시공간의 개념이 사라진 양자 영역으로 들어갈 수 있는 기술을 훔쳐 달아난 고스트 고스트가 나타나면서 일이 꼬여간다.",
			"poster_path": "https://image.tmdb.org/t/p/w500/3E6b73EeYqY7PGJNJWjR9AANXVw.jpg",
			"movie_id": 363088
		}
	},
	{
		"model": "movies.movie",
		"pk": 58,
		"fields": {
			"title": "앤트맨",
			"overview": "하나뿐인 딸에게 멋진 아빠이고 싶지만 현실은 생계형 도둑인 스콧 랭. 하지만 전과자인 스콧의 새 출발은 번번이 좌절된다. 어느 날 그에게 몸을 자유자재로 늘리거나 줄일 수 있는 핌 입자를 개발한 과학자 행크 핌이 찾아와 수트와 헬멧을 건네며 앤트맨이 되어 줄 것을 요청한다. 행크는 앤트맨의 기술이 악용되는 것을 막기 위해 스콧에게 접근했고, 스콧을 앤트맨으로 훈련시켜 그 비밀기술을 훔쳐내려는 계획을 짠다. 어리둥절하지만 일단 한번 해보기로 결심한 스콧은 행크 핌의 딸인 호프의 도움을 받아 점차 히어로의 면모를 갖추어가게 되는데...",
			"poster_path": "https://image.tmdb.org/t/p/w500/3EFdR4QG1bJ7sxH7E1EhZF1LNZ0.jpg",
			"movie_id": 102899
		}
	},
	{
		"model": "movies.movie",
		"pk": 59,
		"fields": {
			"title": "다크 나이트",
			"overview": "범죄와 부정부패를 제거하여 고담시를 지키려는 배트맨. 그는 짐 고든 형사와 패기 넘치는 고담시 지방 검사 하비 덴트와 함께 도시를 범죄 조직으로부터 영원히 구원하고자 한다. 세 명의 의기투합으로 위기에 처한 악당들이 모인 자리에 보라색 양복을 입고 얼굴에 짙게 화장을 한 괴이한 존재가 나타나 배트맨을 죽이자는 사상 초유의 제안을 한다. 그는 바로 어떠한 룰도, 목적도 없는 사상 최악의 악당 미치광이 살인광대 조커. 배트맨을 죽이고 고담시를 끝장내버리기 위한 조커의 광기 어린 행각에 도시는 혼란에 빠지는데...",
			"poster_path": "https://image.tmdb.org/t/p/w500/e1nMtpUTtaJGXbeZZ2ajaIOyTgU.jpg",
			"movie_id": 155
		}
	},
	{
		"model": "movies.movie",
		"pk": 60,
		"fields": {
			"title": "아쿠아맨",
			"overview": "정략결혼을 피해 해저 왕국 아틀란티스에서 도망쳐 육지로 오게 된 아틀라나는 등대지기 톰과 사랑에 빠진다. 아틀란티스의 세력으로부터 남편과 아들 아서를 지키기 위해서 아틀라나는 바다로 돌아가고, 육지에 남은 아서는 어릴 때부터 자신의 초능력을 인지해 인간세계의 해적을 물리치는 등 나름의 활약을 펼친다. 한편 아서의 이부형제 옴은 육지를 정복하기 위한 작전을 세운다. 옴의 약혼자이자 네레우스 왕의 딸 메라는 아서에게 평화를 위해 해저 7개 왕국의 왕이 되어야만 한다고 설득하는데...",
			"poster_path": "https://image.tmdb.org/t/p/w500/5tetypC0S7BwpBk1ZG36wExvNYj.jpg",
			"movie_id": 297802
		}
	},
	{
		"model": "movies.movie",
		"pk": 61,
		"fields": {
			"title": "스타워즈: 라스트 제다이",
			"overview": "악의 세력인 무자비한 퍼스트 오더가 은하계를 장악한 시대. 레아 장군의 저항군은 힘겨운 싸움을 이어가고 있다. 그들의 유일한 희망은 마지막 제다이 루크 스카이워커. 저항군은 승리의 불씨를 지필 마지막 희망을 찾아 레이를 과거의 영웅 루크에게 보낸다. 레이는 우여곡절 끝에 루크를 찾아내지만, 자신의 잘못으로 레아의 아들 벤 솔로가 퍼스트 오더의 실세 카일로 렌이 되었다고 생각하는 루크는 함께 떠나자는 레이의 제안을 거절한다. 한편 레이는 알 수 없는 이유로 카일로 렌과 교감할 수 있게 된다.",
			"poster_path": "https://image.tmdb.org/t/p/w500/n7j35xkQn0swL7DoProA3qfE2I2.jpg",
			"movie_id": 181808
		}
	},
	{
		"model": "movies.movie",
		"pk": 62,
		"fields": {
			"title": "스타워즈: 깨어난 포스",
			"overview": "2번째 데스 스타가 파괴되고 다스 베이더가 사망한 지 약 30년 후, 마지막 남은 제다이인 루크 스카이워커가 사라졌다. 몰락한 은하 제국으로부터 일어난 퍼스트 오더는 루크와 공화국을 찾아내 제거하려 한다. 공화국과 루크의 쌍둥이 여동생 레이아 오르가나가 이끄는 저항군은 퍼스트 오더를 저지하고 루크의 도움을 받기 위해 루크를 찾는다. 저항군 최고의 파일럿 포 다메론은 자쿠 행성의 마을 장로를 만나 루크가 있는 장소의 지도를 얻는다. 카일로 렌이 이끄는 스톰트루퍼들은 마을을 파괴하고 포를 붙잡지만, 포의 드로이드 BB-8는 지도를 갖고 탈출하고 부랑자 레이를 만나게 된다.",
			"poster_path": "https://image.tmdb.org/t/p/w500/eOD7WQULbncPmiETBPmvDxBCpKY.jpg",
			"movie_id": 140607
		}
	},
	{
		"model": "movies.movie",
		"pk": 63,
		"fields": {
			"title": "스타워즈 에피소드 1: 보이지 않는 위험",
			"overview": "공화국력 BBY 32년, 공화국이 큰 분쟁에 휩싸인다. 상인 조직인 무역 연합이 암흑에 가린 세력의 조종을 받고 나부 행성을 봉쇄해버린 것. 분쟁을 해결하기 위해 은하계 원로 회의는 콰이곤 진과 오비완 케노비 두 제다이를 파견한다. 타투인 행성에서 그는 노예 구역에서 어머니와 살고 있는 아나킨 스카이워커라는 소년을 만나 그가 미래의 은하계를 구할 수 있는 강한 힘을 가진 인물임을 믿고 그를 데려간다. 한편 나부 행성이 침입을 받자 아미달라 여왕은 은하계 원로 회의에 도움을 청하나, 원로 회의는 힘을 상실한 상태로 나부 행성은 위험에 처하게 되는데...",
			"poster_path": "https://image.tmdb.org/t/p/w500/pt7oxFkvQFzXD0ByCe1uJumL6vD.jpg",
			"movie_id": 1893
		}
	},
	{
		"model": "movies.movie",
		"pk": 64,
		"fields": {
			"title": "스타워즈 에피소드 2: 클론의 습격",
			"overview": "공화국으로부터 분리하려는 수백개의 행성연합은 은하계의 거대하고 새로운 위험으로 등장한다. 생명의 위협을 느끼는 아미달라 여왕의 신변 보호를 위해 아나킨과 오비완에게 경호 임무가 부여여된다. 공화국 수상 팰퍼핀의 야욕은 어마어마한 클론 군대를 비밀리에 양성하고, 오비완 캐노비는 암살 의혹을 파헤치던 임무 중에 클론의 존재를 감지한다. 분리주의 세력과 공화국과의 걷잡을 수 없는 갈등은 마침내 거대한 전쟁을 불러오게 된다. 아나킨은 최고의 제다이 기사가 되고 싶은 욕망과 스승인 오비완과의 우정과 갈등, 여왕과의 사랑으로 갈등하는데...",
			"poster_path": "https://image.tmdb.org/t/p/w500/uGfoiO5T8astFTYeutTfdjfz03m.jpg",
			"movie_id": 1894
		}
	},
	{
		"model": "movies.movie",
		"pk": 65,
		"fields": {
			"title": "스타워즈 에피소드 3: 시스의 복수",
			"overview": "클론 전쟁이 시작되었던 때로부터 3년이 지나고 팰퍼틴 의장과 제다이 사이의 불화는 더욱 커져 클론 전쟁은 더 이상 걷잡을 수 없게 격화된다. 자신이 제다이가 될 것임을 굳게 믿고 있던 아나킨은 제다이 기사 자격을 줄 수 없다는 기사단의 결정에 절망하고, 스승인 오비완과의 갈등은 더욱 깊어만 간다. 그런 아나킨에게 자신의 정체를 드러낸 펠퍼틴은 절대적인 힘을 갖게 해 주겠다며 그를 유혹하고, 아나킨은 점점 어둠의 힘에 이끌려 변해간다. 어둠의 세력에 완전히 장악 당한 아나킨은 자신에게는 아버지나 다름없는 오비완과 맞닥뜨리게 되는데...",
			"poster_path": "https://image.tmdb.org/t/p/w500/cKrtSemvrt2tOeHLgxCWauJ3URr.jpg",
			"movie_id": 1895
		}
	},
	{
		"model": "movies.movie",
		"pk": 66,
		"fields": {
			"title": "스타워즈 에피소드 4: 새로운 희망",
			"overview": "공화국이 붕괴하고 제국이 수립된 뒤 20년, 제다이 기사단은 전멸하고 강력한 제국군의 횡포에 은하계는 공포에 휩싸여 있다. 그러던 중 공화국 재건을 노리는 반란군이 제국군의 비밀병기 데스스타 설계도를 훔쳐 달아나고 제국군은 이를 쫓는다. 하지만 결국 제국의 손에 붙잡히게 된 그들은 드로이드 R2-D2에 설계도를 넣어서 R2의 친구 C-3PO와 탈출시키는 데 성공하고, 두 드로이드 콤비는 타투인의 시골 마을에서 숙부와 함께 살고 있던 청년 루크 스카이워커에게 오게 되는데...",
			"poster_path": "https://image.tmdb.org/t/p/w500/7XFfURIFCJxN1mfBg0SAjk5yGzg.jpg",
			"movie_id": 11
		}
	},
	{
		"model": "movies.movie",
		"pk": 67,
		"fields": {
			"title": "스타워즈 에피소드 5: 제국의 역습",
			"overview": "제국군은 데스스타를 잃은 뒤에도 여전히 강력한 화력으로 반란군을 수세로 몰아넣었고, 반란군은 게릴라전을 위해 얼음으로 뒤덮인 행성 호스에 은신한다. 하지만 결국 제국군에 의해 호스의 반란군 기지마저 탄로나게 되고, 일행은 필사적으로 호스를 탈출해 다시 정처없는 피난길에 오른다. 반란군의 피난길에 함께 오르던 루크는 포스의 영이 된 오비완으로부터 제다이 마스터 요다를 찾아가라는 메시지를 받고 요다가 있는 정글 행성 대고바로 향한다. 루크는 요다를 만나 제다이가 되기 위한 훈련을 시작하고 솔로 일행은 제국군을 따돌리기 위해 옛 친구 랜도를 찾아가는데...",
			"poster_path": "https://image.tmdb.org/t/p/w500/icaO5w8uLVm4JxMew71JJrQE2YX.jpg",
			"movie_id": 1891
		}
	},
	{
		"model": "movies.movie",
		"pk": 68,
		"fields": {
			"title": "스타워즈 에피소드 6: 제다이의 귀환",
			"overview": "루크와 그의 일행은 우주해적 자바 더 헛에게 잡혀간 한 솔로를 구하기 위해 그들의 본거지이자 그의 고향행성인 타투인으로 향한다. 한편 제국군은 반란군을 멸하기 위해 엔도 행성의 상공에서 두 번째 데스스타를 건조하기 시작한다. 이제 포스의 모든 것을 터득한 루크가 정면으로 도전해 자바 일당을 물리치고 한을 무사히 구출해 낸다. 데고바로 돌아간 루크는 뜻하지 않게 요다의 임종을 맞이하게 되고, 그 자리에서 베이더와의 관계와 함께 또 다른 비밀인 자신의 쌍둥이 누이에 대하여 전해 듣게 되는데...",
			"poster_path": "https://image.tmdb.org/t/p/w500/qUA5lGAXzgr9UDKvUreiLOGa9fM.jpg",
			"movie_id": 1892
		}
	},
	{
		"model": "movies.movie",
		"pk": 69,
		"fields": {
			"title": "엑스맨: 아포칼립스",
			"overview": "고대 이집트에서 신으로 숭배받았던 최초의 돌연변이 아포칼립스가 오랜 잠에서 깨어난다. 초능력을 흡수해가며 수천년을 살아온 아포칼립스는 스톰, 사일록, 아크엔젤 그리고 매그니토에게 자신의 힘을 나누어준 뒤, 그들과 함께 현재의 세상을 뒤엎고 새로운 세상을 건설하려 한다. 찰스 자비에와 미스틱은 아포칼립스의 지구 종말 계획을 알아채고, 진 그레이, 사이클롭스, 퀵 실버, 나이트크롤러 등 젊은 돌연변이들과 함께 아포칼립스에 대항한다.",
			"poster_path": "https://image.tmdb.org/t/p/w500/4MaTkqk4LKccDYKh7AjV220CVgW.jpg",
			"movie_id": 246655
		}
	},
	{
		"model": "movies.movie",
		"pk": 70,
		"fields": {
			"title": "엑스맨: 다크 피닉스",
			"overview": "어린 시절 비극적 교통사고로 능력을 알게 된 진 그레이는 자비에 영재학교에서 새로운 가족을 맞이하게 된다. 엄청난 잠재능력을 지닌 그녀는 엑스맨으로 성장해 우주에서 구조 임무를 수행하던 중 목숨을 잃을 뻔한 사고를 겪고, 폭주하는 힘과 억눌려왔던 어둠에 눈을 뜨게 된 그녀는 엑스맨의 가장 강력하고 파괴적인 적, 다크 피닉스로 변하게 된다. 프로페서 X는 물론 매그니토까지 능가하는 두려운 존재가 된 그녀 앞에 힘을 이용하려는 미스터리한 외계 존재가 나타나 그녀를 뒤흔들고, 엑스맨은 사랑하는 친구이자 가장 강력한 적이 된 다크 피닉스와 맞서야 하는데...",
			"poster_path": "https://image.tmdb.org/t/p/w500/rNRfYkuRvM0z1RWHPbc2I8HCdvd.jpg",
			"movie_id": 320288
		}
	},
	{
		"model": "movies.movie",
		"pk": 71,
		"fields": {
			"title": "엑스맨: 데이즈 오브 퓨처 패스트",
			"overview": "돌연변이들을 멸종시키기 위해 제작된 로봇 센티넬이 인간들까지 모조리 말살하는 2023년. 인류의 종말이 코앞에 닥친 상황에서 프로페서X와 매그니토는 과거를 통해 미래의 운명을 바꾸고자 한다. 울버린은 트라스크가 센티넬을 개발하는 것을 막기 위해 1973년으로 보내진다. 1973년의 찰스는 절망에 빠진 채 행크 맥코이와 함께 은둔 생활을 하고 있고, 에릭은 케네디 대통령 암살 용의자로 붙잡혀 펜타곤 지하 깊숙한 곳에 위치한 수용소에 갇혀 있다.",
			"poster_path": "https://image.tmdb.org/t/p/w500/zm5zanw86TX2T7qJNTKilL3x3S8.jpg",
			"movie_id": 127585
		}
	},
	{
		"model": "movies.movie",
		"pk": 72,
		"fields": {
			"title": "툼레이더",
			"overview": "21살의 라라 크로프트(알리시아 비칸데르)는 자전거 퀵서비스 일을 하며 살아간다. 7년 전 실종된 아버지의 사망 확인서에 사인을 하면 아버지 리차드(도미닉 웨스트)가 남긴 거대 기업 크로프트 홀딩스를 물려받을 수도 있지만, 여전히 아버지에 대한 원망과 그리움에서 허우적대고 있는 라라는 쉽게 그 죽음을 받아들이기가 힘들다. 그러던 중 아버지의 유품에서 실종 전 마지막 탐험에 대한 자료들이 발견된다. 죽음의 신으로 불린 히미코의 무덤을 지키기 위해 전설의 섬으로 향했던 아버지의 과거 행적을 따라 라라는 야마타이섬으로 향한다.",
			"poster_path": "https://image.tmdb.org/t/p/w500/n0yZiY15kOb5ChVwcXG9zBeHlC6.jpg",
			"movie_id": 338970
		}
	},
	{
		"model": "movies.movie",
		"pk": 73,
		"fields": {
			"title": "라푼젤",
			"overview": "장장 18년을 탑 안에서만 지낸 끈기 만점의 소녀 라푼젤. 어느 날 자신의 탑에 침입한 왕국 최고의 대도를 한 방에 때려잡고, 그를 협박해 꿈에도 그리던 집 밖으로의 모험을 단행한다. 과잉보호 모친의 영향으로 세상을 험난한 곳으로만 상상하던 라푼젤 앞에 왕실 경비마 맥시머스의 추격, 라이더에게 복수의 칼날을 가는 스태빙턴 형제의 위협, 라푼젤의 가짜 엄마 고델의 무서운 음모 등이 얽혀 점점 흥미진진한 사건들이 터지기 시작한다. 그러나 세상물정 모르는 라푼젤은 자신 앞에 펼쳐진 스릴 넘치는 세상을 맘껏 즐기는데...",
			"poster_path": "https://image.tmdb.org/t/p/w500/vhBcHM7hrFqTwQMxeNTVgVXA9Ue.jpg",
			"movie_id": 38757
		}
	},
	{
		"model": "movies.movie",
		"pk": 74,
		"fields": {
			"title": "모아나",
			"overview": "모투누이 섬 족장의 딸 모아나는 바다를 동경하는 소녀다. 바다의 선택을 받은 모아나는 족장이 돼야 하는 운명과 항해에 대한 꿈 사이에서 갈등하며 살아간다. 그러던 중 모든 것이 완벽했던 모투누이 섬이 저주에 걸린다. 모아나는 아버지의 뜻을 거역하고 섬을 구할 묘책을 찾아 바다로 떠날 결심을 한다. 저주를 푸는 열쇠는 신이 선택한 전설의 영웅, 반신반인 마우이가 쥐고 있다. 모아나는 마우이를 설득해 모투누이 섬의 저주를 풀기 위한 모험을 시작한다. 이 모험은 각자의 정체성을 찾아가는 여정이 된다.",
			"poster_path": "https://image.tmdb.org/t/p/w500/5mNqevqqxODTAGxg00MmxN35xtn.jpg",
			"movie_id": 277834
		}
	},
	{
		"model": "movies.movie",
		"pk": 75,
		"fields": {
			"title": "블랙 위도우",
			"overview": "어벤져스의 히어로 블랙 위도우가 자신의 과거와 연결된 거대한 음모를 막기 위해 어두웠던 과거의 진실을 마주하고, 목숨을 건 마지막 선택을 하게 되는 액션 블록버스터.",
			"poster_path": "https://image.tmdb.org/t/p/w500/oPMAUqhwQf9mLCU5xEGPv33lAJO.jpg",
			"movie_id": 497698
		}
	},
	{
		"model": "movies.movie",
		"pk": 76,
		"fields": {
			"title": "어벤져스: 에이지 오브 울트론",
			"overview": "토니 스타크는 뉴욕전쟁 때와 같은 사태가 벌어지지 않도록 한때 가동하려다 중단된 휴면 상태의 평화 유지 프로그램을 작동 시키려 한다. 배너 박사와 함께 지구를 지킬 최강의 인공지능 울트론을 탄생시키게 되지만, 울트론은 예상과 다르게 지배를 벗어나 폭주하기 시작하고 어벤져스는 지구의 운명이 걸린 거대한 시험대에 오르게 된다. 울트론이 자신을 복제해 위협을 가하자 이를 저지하기 위해 아이언맨, 캡틴 아메리카, 토르, 헐크, 블랙위도우, 호크아이 등으로 구성된 어벤져스와 새로 합류하게 되는 퀵 실버, 스칼렛 위치 남매와 불안한 동맹을 맺는다.",
			"poster_path": "https://image.tmdb.org/t/p/w500/sTUiA9zY6O4qFlmRC69nG6dngTh.jpg",
			"movie_id": 99861
		}
	},
	{
		"model": "movies.movie",
		"pk": 77,
		"fields": {
			"title": "어벤져스",
			"overview": "에너지원 큐브를 이용한 적의 등장으로 인류가 위험에 처하자 국제평화유지기구인 쉴드의 국장 닉 퓨리는 어벤져스 작전을 위해 전 세계에 흩어져 있던 슈퍼히어로들을 찾아나선다. 아이언맨부터 토르, 헐크, 캡틴 아메리카는 물론, 쉴드의 요원인 블랙 위도우, 호크 아이까지, 최고의 슈퍼히어로들이 어벤져스의 멤버로 모이게 되지만, 각기 개성이 강한 이들의 만남은 예상치 못한 방향으로 흘러가는데...",
			"poster_path": "https://image.tmdb.org/t/p/w500/1uHRkB2Q00Y4i7I7KNd0jGi4OmY.jpg",
			"movie_id": 24428
		}
	},
	{
		"model": "movies.movie",
		"pk": 78,
		"fields": {
			"title": "어벤져스: 인피니티 워",
			"overview": "타노스는 6개의 인피니티 스톤을 획득해 신으로 군림하려 한다. 그것은 곧 인류의 절반을 학살해 우주의 균형을 맞추겠다는 뜻. 타노스는 닥터 스트레인지가 소유한 타임 스톤, 비전의 이마에 박혀 있는 마인드 스톤을 차지하기 위해 지구를 침략한다. 아이언맨과 스파이더맨은 가디언즈 오브 갤럭시의 멤버들과 타노스를 상대한다. 지구에선 캡틴 아메리카, 완다, 블랙 위도우, 블랙 팬서 등이 비전을 지키기 위해 뭉친다.",
			"poster_path": "https://image.tmdb.org/t/p/w500/kmP6viwzcEkZeoi1LaVcQemcvZh.jpg",
			"movie_id": 299536
		}
	},
	{
		"model": "movies.movie",
		"pk": 79,
		"fields": {
			"title": "더 울버린",
			"overview": "사랑하는 사람들을 모두 잃고 혼자 남겨진 고통으로 괴로워하는 울버린. 어느 날 영원불멸의 삶을 버리고 유한한 삶을 얻을 수 있는 일생일대의 기회를 제안 받는다. 처음으로 스스로의 약한 모습을 느낀 울버린은 극한의 상황에서 치명적인 적들과 대적하게 되고, 이제껏 본 적 없는 가장 강력하고 위험한 존재로 거듭나게 되는데!",
			"poster_path": "https://image.tmdb.org/t/p/w500/x7YdmnuBTUVq9h17YF7AP5hn3Vt.jpg",
			"movie_id": 76170
		}
	},
	{
		"model": "movies.movie",
		"pk": 80,
		"fields": {
			"title": "엑스맨: 퍼스트 클래스",
			"overview": "유대인 에릭과 유전공학 박사가 된 찰스는 각기 다른 이유로 악당 세바스찬 쇼우를 쫓다가 만난다. CIA 요원 모이라 맥타것과 손잡고 돌연변이 부서를 설립한 두 사람은 찰스의 양동생이자 이후에 미스틱이 되는 레이븐k 천재 박사이자 비스트로 변신하는 행크 맥코이 등 젊은 엑스맨들을 모아서 훈련을 시작한다. 한편 에릭의 원수인 세바스찬 쇼우는 엠마 프로스트를 비롯한 돌연변이들을 무기로 미국과 소비에트간의 핵전쟁을 도발하려 한다.",
			"poster_path": "https://image.tmdb.org/t/p/w500/644Dl5TOvx4YZnxznNoiVEnUoDJ.jpg",
			"movie_id": 49538
		}
	},
	{
		"model": "movies.movie",
		"pk": 81,
		"fields": {
			"title": "엑스맨 탄생: 울버린",
			"overview": "어린 시절 뜻하지 않은 사고로 아버지를 잃고 죄책감에 빠진 울버린은 형 세이버투스와 함께 도피 생활을 하던 중 군인의 신분으로 전쟁터를 전전하다 스트라이커 대령의 팀원이 되어 활약한다. 끝모를 살육의 임무를 수행하면서 회의감에 빠진 울버린은 형의 반대에도 자신의 길을 찾아 떠난다. 세월이 지난 뒤 숨어서 살던 울버린에게 스트라이커 대령이 찾아와 누군가가 노린다며 경고를 한다. 결국 사랑하는 애인까지 잃은 울버린은 복수를 위해 자신의 육체를 스트라이커 대령에게 맡기고 실험을 거쳐 웨폰 X로 태어난다.",
			"poster_path": "https://image.tmdb.org/t/p/w500/cbCRcWzu2KGUySi0nJFnfKfEP8p.jpg",
			"movie_id": 2080
		}
	},
	{
		"model": "movies.movie",
		"pk": 82,
		"fields": {
			"title": "엑스맨: 최후의 전쟁",
			"overview": "돌연변이성 장관인 엑스맨 출신 비스트는, 제약 재벌 워렌 워딩턴 2세가 돌연변이 유전자를 영구히 제거하는 신약을 개발했으며 이를 빼내려던 매그니토의 오른팔 미스틱이 체포됐다는 보고를 받는다. 알칼리 호수에서 사라져 죽은 줄로만 알았던 진 그레이가 회생하여 돌아오고 자비에는 그녀의 숨겨진 이중자아 피닉스의 부활을 예감, 위험을 경고한다. 모든 상황을 인내해야 한다고 주장하는 엑스맨의 리더 자비에 교수와 적자생존의 법칙을 신봉하는 매그니토의 대립된 의견이 시험대에 오르고, 이는 세상의 모든 전쟁을 잠재울 최후의 전쟁으로 이어진다.",
			"poster_path": "https://image.tmdb.org/t/p/w500/xyjp5pnhz5QszUc4QdmU1VHfx8g.jpg",
			"movie_id": 36668
		}
	},
	{
		"model": "movies.movie",
		"pk": 83,
		"fields": {
			"title": "007 스카이폴",
			"overview": "상관 M의 지시에 따라 현장 요원 이브와 함께 임무를 수행하던 제임스 본드는 달리는 열차 위에서 적과 치열한 결투를 벌이다 M의 명령으로 이브가 쏜 총에 맞고 추락하여 실종된다. 이에 임무가 실패로 끝나자 전세계에서 테러단체에 잠입해 임무를 수행 중이던 비밀 요원들의 정보가 분실되고 MI6는 사상 최대의 위기에 빠진다.  설상가상으로 M의 과거에 얽힌 비밀로 인해 미스터리한 적 실바에게 공격을 받은 MI6는 붕괴 위험에 처하게 되고, 이 사건으로 인해 M은 책임 추궁을 당하며 퇴출 위기에 놓인다. 이 때 죽음의 고비에서 부활한 제임스 본드가 M의 곁으로 다시 돌아오는데...",
			"poster_path": "https://image.tmdb.org/t/p/w500/oHkZwUYpfrAnkKcJh3BdPYsBSPX.jpg",
			"movie_id": 37724
		}
	},
	{
		"model": "movies.movie",
		"pk": 84,
		"fields": {
			"title": "007 스펙터",
			"overview": "멕시코에서 일어난 폭발 테러 이후 MI6는 영국 정부에 의해 해체 위기에 놓인다. 자신의 과거와 연관된 암호를 추적하던 제임스 본드는 사상 최악의 조직 ‘스펙터’와 자신이 연관되어 있다는 사실을 알게 되고, 궁지에 몰린 MI6조차 그를 포기하면서 절체절명의 위기에 직면하는데……",
			"poster_path": "https://image.tmdb.org/t/p/w500/reI1K84d4lgMwfWs583PmpWQsQ5.jpg",
			"movie_id": 206647
		}
	},
	{
		"model": "movies.movie",
		"pk": 85,
		"fields": {
			"title": "007 노 타임 투 다이",
			"overview": "MI6를 떠난 이후 매들린과 평화로운 일상을 즐기던 제임스 본드. 어느 날 CIA 요원 펠릭스가 찾아와 선별적 DNA 공격이 가능한 새로운 형태의 생화학 무기 유출을 알린다. 위험에 처한 전 세계를 구하기 위해 복귀하게 된 제임스 본드는 임무를 수행하는 과정에서 새로운 MI6 요원 노미를 만나고, 모든 사건의 배후에 운명으로 얽혀 있는 최악의 적 사핀이 존재한다는 것을 알아낸다. 위험천만한 위기 속, 감춰져 있던 비밀이 밝혀지면서 작전은 점점 더 예측할 수 없는 상황으로 치닫게 되는데…",
			"poster_path": "https://image.tmdb.org/t/p/w500/p7JE7UYdalHLmN0iuYyAdeklhxd.jpg",
			"movie_id": 370172
		}
	},
	{
		"model": "movies.movie",
		"pk": 86,
		"fields": {
			"title": "매드맥스: 로드 워",
			"overview": "좀비 바이러스가 급격히 퍼져 문명은 파괴되고 황무지로 변해버린 세상.  살아남은 소수의 인간들만 좀비들의 공격이 시작되는 밤을 피해 낮에 움직이며 간신히 생존을 이어 나간다.  몇몇의 무리들은 바이러스에 면역력이 있는 인간이 있다는 소문을 듣고 찾아 헤매던 중  좀비에게 물렸지만 낮에 움직이는 ‘쏜’이라는 인간을 발견한다.  그를 이용해 치료약을 개발해야 남은 자들이 살아남을 수 있지만  생존자들 간의 치열한 영역다툼 속에서는 그 무엇도 쉽지 않다.  자멸과 구원, 인류의 미래는 어떻게 될 것인가?",
			"poster_path": "https://image.tmdb.org/t/p/w500/oQKqWsdl4XJnZS4VbvDR4ev1h1n.jpg",
			"movie_id": 333545
		}
	},
	{
		"model": "movies.movie",
		"pk": 87,
		"fields": {
			"title": "터미네이터: 다크 페이트",
			"overview": "심판의 날 그 후, 뒤바뀐 미래. 새로운 인류의 희망 대니를 지키기 위해 슈퍼 솔져 그레이스가 미래에서 찾아오고, 대니를 제거하기 위한 터미네이터 Rev-9의 추격이 시작된다. 최첨단 기술력으로 무장한 최강의 적 Rev-9의 무차별적인 공격에 쫓기기 시작하던 그레이스와 대니 앞에 터미네이터 헌터 사라 코너가 나타나 도움을 준다. 인류의 수호자이자 기계로 강화된 슈퍼 솔져 그레이스와 사라 코너는 대니를 지키기 위해 새로운 조력자를 찾아 나서고, Rev-9은 그들의 뒤를 끈질기게 추격하는데...",
			"poster_path": "https://image.tmdb.org/t/p/w500/nIoDNiWWOtCFdJRi89aFI98cdj0.jpg",
			"movie_id": 290859
		}
	},
	{
		"model": "movies.movie",
		"pk": 88,
		"fields": {
			"title": "터미네이터",
			"overview": "1997년, 인간이 만든 인공지능 컴퓨터 전략 방어 네트워크가 스스로의 지능을 갖추고는 인류를 핵전쟁의 참화을 일으켜 30억이라는 인류를 잿더미 속에 묻어버린다. 그리고 남은 인간들은 기계의 지배를 받아 시체를 처리하는 일 등에 동원된다. 이때 비상한 지휘력과 작전으로 인간들을 이끌던 사령관 존 코너는 반기계 연합을 구성, 기계와의 전쟁을 시작하면서 상황은 반전된다. 이에 기계는 존 코너의 탄생 자체를 막기 위해 2029년의 어느 날 타임머신에 터미네이터를 태워서 1984년의 L.A로 보내게 된다.",
			"poster_path": "https://image.tmdb.org/t/p/w500/y6FmrimVoBBKsERc08VyVP1NyNs.jpg",
			"movie_id": 218
		}
	},
	{
		"model": "movies.movie",
		"pk": 89,
		"fields": {
			"title": "터미네이터: 제니시스",
			"overview": "인간 저항군의 리더 존 코너의 탄생을 막기 위해 스카이넷은 터미네이터를 과거로 보내고, 이를 저지하기 위해 부하 카일 리스가 뒤를 따른다. 젊은 사라 코너와 그녀를 보호하고 있던 T-800은 로봇과의 전쟁을 준비하며 이미 그들을 기다리고 있었다. 시간의 균열로 존 코너 역시 과거로 오지만 그는 나노 터미네이터 T-3000으로 변해있었던 것. 이제 인류는 인간도 기계도 아닌 그 이상의 초월적인 존재, 사상 최강의 적에 맞서 전쟁을 벌여야만 한다.",
			"poster_path": "https://image.tmdb.org/t/p/w500/bzcw6IyAbX3DbXrzPXx7ZgLXalr.jpg",
			"movie_id": 87101
		}
	},
	{
		"model": "movies.movie",
		"pk": 90,
		"fields": {
			"title": "터미네이터: 미래전쟁의 시작",
			"overview": "21세기 초, 군사방위 프로그램으로 제작된 네트워크 스카이넷은 자각력이 생겨 인류가 자신을 파괴할 것을 예상하고 인류에 대한 핵공격을 감행했다. 살아남은 자들은 이를 심판의 날이라 불렀으며, 처참하게 파괴된 2018년 지구에는 기계 군단과 인간 저항군 사이의 악몽 같은 전쟁이 계속되고 있었다. 스카이넷은 인류 말살을 위해 터미네이터 군단을 만들었고, 보다 치명적인 터미네이터를 만들기 위해 인간들을 잡아다 생체 실험에 이용하고 있었다.  인간 저항군의 리더인 존 코너는 기계군단의 비밀을 캐기 위해 저항군 조직과 함께 스카이넷이 만든 실험 기지에 침투하는데...",
			"poster_path": "https://image.tmdb.org/t/p/w500/usI4GVUqqsJpnWxjP6ChmTWqoAg.jpg",
			"movie_id": 534
		}
	},
	{
		"model": "movies.movie",
		"pk": 91,
		"fields": {
			"title": "터미네이터 3: 라이즈 오브 더 머신",
			"overview": "10여 년 전 미래로부터 파견된 강력한 T-1000의 살해 위협에서 벗어난 미래의 인류저항군 지도자 존 코너는 엄마인 사라 코너가 죽은 뒤 집과 신용카드, 핸드폰, 직업 등 모든 것을 버리고 은둔의 길을 택해 다가올 위협에 준비하며 홀로 살아가고 있다. 자신에 대한 모든 기록을 지워버리고 사는 것만이 스카이넷의 추적을 피하기 위한 유일한 방법이었기 때문. 기계들의 반란을 이끌어 인류를 멸망시키려 했던 고도로 발달된 네트워크 스카이넷의 목표는 미래 인간들의 지도자가 될 존 코너가 성장하기 전에 그를 암살해 기계들이 세상을 지배하는 날을 맞이하는 것인데...",
			"poster_path": "https://image.tmdb.org/t/p/w500/vMUkXtSRkYWpmryuiuzOjpc1pJz.jpg",
			"movie_id": 296
		}
	},
	{
		"model": "movies.movie",
		"pk": 92,
		"fields": {
			"title": "겨울왕국",
			"overview": "서로가 최고의 친구였던 자매 엘사와 안나. 하지만 언니 엘사에게는 하나뿐인 동생에게조차 말 못할 비밀이 있다. 모든 것을 얼려버리는 신비로운 힘이 바로 그 것. 엘사는 통제할 수 없는 자신의 힘이 두려워 왕국을 떠나 북쪽 산으로 도망치고, 홀로 그곳에서 얼음 궁전을 지어 지내게 된다. 한편 얼어버린 왕국의 저주를 풀기 위해 안나는 언니를 찾아 나서고, 그 과정에서 안나는 까칠한 매력의 얼음장수 크리스토프와 만나 영원히 얼어붙은 왕국을 구해내기 위해 함께 고군분투한다.",
			"poster_path": "https://image.tmdb.org/t/p/w500/nelAGS4rcZm2Qyuy3TSNWgU2mEL.jpg",
			"movie_id": 109445
		}
	},
	{
		"model": "movies.movie",
		"pk": 93,
		"fields": {
			"title": "인사이드 아웃",
			"overview": "모든 사람의 머릿속에 존재하는 감정 컨트롤 본부. 그곳에서 불철주야 열심히 일하는 기쁨, 슬픔, 버럭, 까칠, 소심 다섯 감정들. 정든 옛 동네를 떠나 도시로 이사하는 라일리 가족. 이사 후 새로운 환경에 적응해야 하는 라일리를 위해 그 어느 때 보다 바쁘게 감정의 신호를 보내지만 우연한 실수로 기쁨과 슬픔이 본부를 이탈하게 되자 라일리의 마음 속에 큰 변화가 찾아온다. 라일리가 예전의 모습을 되찾기 위해서는 기쁨과 슬픔이 본부로 돌아가야만 한다. 그러나 엄청난 기억들이 저장되어 있는 머릿속 세계에서 본부까지 가는 길은 험난하기만 한데...",
			"poster_path": "https://image.tmdb.org/t/p/w500/qVdrpBY920kKikUmPm89wig60Kd.jpg",
			"movie_id": 150540
		}
	},
	{
		"model": "movies.movie",
		"pk": 94,
		"fields": {
			"title": "뮬란",
			"overview": "무예에 남다른 재능을 지닌 뮬란은 좋은 집안과 인연을 맺어 가문을 빛내길 바라는 부모님의 뜻에 따라 본연의 모습을 억누르고 성장한다. 어느 날, 북쪽 오랑캐들이 침입하자 황제는 징집령을 내리고 뮬란은 아픈 아버지를 대신해 가족들 몰래 전장에 나가기로 결심한다. 여자라는 게 발각되면 목숨을 잃을 수도 있는 상황 속에서 뮬란은 타고난 용기와 지혜로 역경을 이겨내며 전사로 성장한다. 마침내 잔인무도한 적장 보리 칸과 마녀 시아니앙을 마주하게 된 뮬란. 그녀는 위험에 빠진 동료와 가족을 구하고 진정한 전사로 거듭날 수 있을 것인가?",
			"poster_path": "https://image.tmdb.org/t/p/w500/mQbxBKeRuAofS5p2w4mK7DqtS97.jpg",
			"movie_id": 337401
		}
	},
	{
		"model": "movies.movie",
		"pk": 95,
		"fields": {
			"title": "인디아나 존스: 크리스탈 해골의 왕국",
			"overview": "냉전이 최고조에 다다른 1957년. 인디아나 존스(해리슨 포드)는 친한 동료 맥(레이 윈스톤)과 함께 소련의 한 비행장에서 목숨을 위협하는 소련 특수부대 이리나 스팔코(케이트 블란쳇) 일당의 추격을 피해 힘겹게 탈출한다. 일상으로 돌아간 인디아나 존스는 대학에서 고고학 강의를 하며 평범하게 지내고 싶어하지만 소련에서의 탈출 사건과 고고학 연구에 관련해 자신의 교수직을 해고하려는 정부의 또 다른 압력이 있다는 것을 알게 된다. 어쩔 수 없이 모든 것을 정리하고 대학을 떠나려던 찰나, 그의 앞에 반항기 가득한 청년 머트 윌리암스(샤이아 라보프)가 나타나는데...",
			"poster_path": "https://image.tmdb.org/t/p/w500/6xyDW3XwyJwYiqPlWWy4IZEcWie.jpg",
			"movie_id": 217
		}
	},
	{
		"model": "movies.movie",
		"pk": 96,
		"fields": {
			"title": "미션 임파서블: 폴아웃",
			"overview": "에단 헌트는 세계를 위협하는 테러 조직 신디케이트의 수장 솔로몬 레인을 우여곡절 끝에 체포했지만, 그의 잔당들은 여전히 세계 각지에서 테러를 일삼는다. 에단 헌트와 그의 팀은 테러조직의 핵무기 소지를 막기 위해 미션에 착수한다. 에단 헌트는 작전 수행 중 예상치 못한 결단을 내리게 되고, 중앙정보국 CIA는 그를 견제하기 위해 상급 요원 어거스트 워커를 파견한다. 최악의 테러 위기와 라이벌의 출현 속, 팀이 행한 모든 선의의 선택들이 최악의 결과로 돌아오면서 미션은 점점 더 예측할 수 없는 상황으로 치닫게 되는데...",
			"poster_path": "https://image.tmdb.org/t/p/w500/tKAlw88sEjU5bntbAfdfWcmRx6S.jpg",
			"movie_id": 353081
		}
	},
	{
		"model": "movies.movie",
		"pk": 97,
		"fields": {
			"title": "미션 임파서블: 로그네이션",
			"overview": "미국정부로부터 해체 통보를 받게 된 최첨단 첩보기관 IMF.  에단 헌트를 포함한 팀원들은 모두 뿔뿔이 흩어지게 되고, 정체불명의 테러조직 신디케이트는 IMF 전멸 작전을 펼친다. 신디케이트에게 납치 당한 에단 헌트는 의문의 여인 일사의 도움을 받아 극적 탈출에 성공하고 다시 팀원들을 불러 모은다. 리더 에단 헌트부터 전략 분석요원 브랜트, IT 전문요원 벤지, 해킹 전문요원 루터, 그리고 정체를 알 수 없는 일사까지. 다시 모인 그들은 역대 가장 위협적인 적 신디케이트에 맞서는 불가능한 미션을 펼친다.",
			"poster_path": "https://image.tmdb.org/t/p/w500/45Nlcstp1dxY5KojINcvjqKeaU.jpg",
			"movie_id": 177677
		}
	},
	{
		"model": "movies.movie",
		"pk": 98,
		"fields": {
			"title": "미션 임파서블: 고스트 프로토콜",
			"overview": "러시아 크렘린 궁 폭발 테러 사건에 연루되며 사상 초유의 존립 위기를 맞게 된 IMF. 국가적 분쟁을 피하기 위해 미 정부는 IMF 조직에 대해 고스트 프로토콜을 발동하고, 조직의 과거도 정체도 모두 지워버린다. 순식간에 국제 테러리스트가 되어 버린 특수 비밀요원 이단 헌트는 자신과 조직의 명예를 되찾기 위해 지상 최대의 불가능한 미션을 다시 시작한다. 누구도 좀처럼 믿지 않는 그이지만, 이번만큼은 현재 의지할 수 있는 유일한 동료 세 명과 함께 새로운 팀을 이뤄 임무에 나선다. 그들의 임무는 소련과 미국을 이간질해 핵전쟁을 일으키려는 매드사이언티스트를 막는 것인데...",
			"poster_path": "https://image.tmdb.org/t/p/w500/8bUgGtCltzKZoiZVbPCOIJDtbhb.jpg",
			"movie_id": 56292
		}
	},
	{
		"model": "movies.movie",
		"pk": 99,
		"fields": {
			"title": "인터스텔라",
			"overview": "세계 각국의 정부와 경제가 완전히 붕괴된 미래가 다가온다. 지난 20세기에 범한 잘못이 전 세계적인 식량 부족을 불러왔고, NASA도 해체되었다. 나사 소속 우주비행사였던 쿠퍼는 지구에 몰아친 식량난으로 옥수수나 키우며 살고 있다. 거센 황사가 몰아친 어느 날 알 수 없는 힘에 이끌려 딸과 함께 도착한 곳은 인류가 이주할 행성을 찾는 나사의 비밀본부. 이 때 시공간에 불가사의한 틈이 열리고, 이 곳을 탐험해 인류를 구해야 하는 임무를 위해 쿠퍼는 만류하는 딸을 뒤로한 채 우주선에 탑승하는데...",
			"poster_path": "https://image.tmdb.org/t/p/w500/zDNAeWU0PxKolEX1D8Vn1qWhGjH.jpg",
			"movie_id": 157336
		}
	},
	{
		"model": "movies.movie",
		"pk": 100,
		"fields": {
			"title": "터미네이터 2: 심판의 날",
			"overview": "미래, 인류와 기계의 전쟁은 계속 되는 가운데 스카이넷은 인류 저항군 사령관 존 코너를 없애기 위해 액체 금속형 로봇인 T-1000(로버트 패트릭)을 과거의 어린 존 코너에게로 보낸다. 형태의 변신과 자가 치유까지 가능한 T-1000에 대항하고 존 코너를 지키기 위해 인류 저항군은 T-101(아놀드 슈왈제네거)을 과거로 급파한다. 미래의 인류 운명을 쥔 어린 존 코너, 그를 구해내지 않으면 인류의 미래는 없다. 반드시 제거해야 하는 스카이넷의 T-1000은 거침없이 존 코너 일행을 위협하며 숨가쁜 추격을 시작하는데...",
			"poster_path": "https://image.tmdb.org/t/p/w500/nDVUiEqoeXaDQuM81KkUVNviYIm.jpg",
			"movie_id": 280
		}
	},
	{
		"model": "movies.movie",
		"pk": 101,
		"fields": {
			"title": "헝거게임: 더 파이널",
			"overview": "두 번의 헝거게임에서 살아남은 생존자 캣니스 에버딘. 그런 그녀를 향한 스노우 대통령의 공격은 더욱 거세지고 캣니스의 분노는 폭발한다.  캣니스는 그를 멈추고 모든 것을 끝낼 수 있는 사람이 바로 자신임을 깨닫고, 13구역 군단에 합류한다. 철저하게 준비를 끝낸 캣니스와 최정예 요원들은 캐피톨 입성에 성공하지만 스노우 대통령이 설치한 함정들로 인해 목숨을 위협받는 위험한 상황에 처하게 된다.  희생된 동료들을 뒤로한 채 가까스로 스노우 대통령과의 대결을 앞둔 캣니스에게 또 다른 충격적인 사건이 벌어지는데…",
			"poster_path": "https://image.tmdb.org/t/p/w500/eLFGEWddcsQhRtD3CfmdpmXfz3w.jpg",
			"movie_id": 131634
		}
	},
	{
		"model": "movies.movie",
		"pk": 102,
		"fields": {
			"title": "헝거게임: 캣칭 파이어",
			"overview": "헝거게임의 우승으로 독재국가 ‘판엠’의 절대권력을 위협하는 존재가 된 캣니스, 혁명의 불꽃이 된 그녀를 제거하기 위해 캐피톨은 75회 스페셜 헝거게임의 재출전을 강요한다. 역대 최강의 우승자들이 모인 헝거게임에 참가하게 된 캣니스는 판엠의 음모 속에서 적인지 동료인지 알 수 없는 막강한 도전자들과 맞닥뜨린다. 모두의 운명을 걸고 살아남아야 하는 캣니스, 그녀와 함께 혁명의 불꽃이 시작된다.",
			"poster_path": "https://image.tmdb.org/t/p/w500/ca9M1P2F7mUGVcC5cQo0X5rf6tu.jpg",
			"movie_id": 101299
		}
	},
	{
		"model": "movies.movie",
		"pk": 103,
		"fields": {
			"title": "헝거게임: 모킹제이",
			"overview": "캐피톨 VS 13구역 혁명군  게임은 끝났다! 물러설 수 없는 정면승부가 시작된다!  헝거게임이 끝나고 캣니스의 고향인 12구역이 캐피톨의 폭격으로 파괴되자 그녀는 절망감으로 괴로워한다. 12구역의 생존자들이 13구역에 있다는 것을 알게 된 캣니스는 반정부 세력의 중심이 된다. 어떤 공격도, 어떤 감시도 피할 수 있는 전설의 13구역을 다스리는 대통령 코인은 캣니스에게 혁명의 불꽃이자 반군의 상징인 모킹제이가 되어달라고 부탁하고, 모두의 희망이 된 캣니스는 이제 세상을 구할 반격을 시작한다.",
			"poster_path": "https://image.tmdb.org/t/p/w500/r5UG5tSXpHIFFcpx4rvi6ZnJroj.jpg",
			"movie_id": 131631
		}
	},
	{
		"model": "movies.movie",
		"pk": 104,
		"fields": {
			"title": "헝거게임: 판엠의 불꽃",
			"overview": "12개의 구역으로 이루어진 독재국가 ‘판엠’이 체제를 유지하기 위해 만든 생존 전쟁 ‘헝거게임’. 일년에 한번 각 구역에서 추첨을 통해 두 명을 선발, 총 24명이 생존을 겨루게 되는 것. ‘헝거게임’의 추첨식에서 ‘캣니스’는 어린 여동생의 이름이 호명되자 동생을 대신해 참가를 자청하며 주목을 받는다. 과거 자신을 위기에서 구해줬던 ‘피타’ 역시 선발되어 미묘한 감정에 휩싸인다. ‘캣니스’는 금지구역에서 함께 사냥했던 ‘게일’에게 가족을 부탁하며 생존을 겨루게 될 판엠의 수도 ‘캐피톨’로 향하는데...",
			"poster_path": "https://image.tmdb.org/t/p/w500/iZWZcLJ2NoyM1UoDJexgSWmXOC.jpg",
			"movie_id": 70160
		}
	},
	{
		"model": "movies.movie",
		"pk": 105,
		"fields": {
			"title": "오만과 편견",
			"overview": "베넷 가의 다섯 자매 중 둘째인 엘리자베스는 사랑하는 사람과의 결혼을 믿는 자존심 강하고 영리한 소녀이다. 부유하고 명망있는 가문의 신사 빙리와 그의 친구 다아시가 여름 동안 대저택에 머물게 되고, 댄스 파티에서 처음 만난 엘리자베스와 다아시는 서로에게서 눈을 떼지 못한다. 다아시는 아름답고 지적인 그녀의 매력에 점점 빠져들고, 폭우가 쏟아지는 날 비바람이 몰아치는 언덕에서 가슴 속 깊은 곳에 담아둔 뜨거운 사랑을 그녀에게 고백한다. 하지만 다아시가 빙리와 제인의 결혼을 제인이 명망있는 가문 출신이 아니라는 이유로 반대한 것을 알게 되자, 그를 오만하고 편견에 가득 찬 속물로 여기며 외면하는데...",
			"poster_path": "https://image.tmdb.org/t/p/w500/tQ303fQUo5Mv5Txgpl2DPS2Jq0e.jpg",
			"movie_id": 4348
		}
	},
	{
		"model": "movies.movie",
		"pk": 106,
		"fields": {
			"title": "업",
			"overview": "평생 모험을 꿈꿔 왔던 칼 할아버지는 재개발 공사 현장의 인부를 실수로 다치게 하고 집을 빼앗길 위기에 처한다. 그 동안 미뤄 왔던, 먼저 세상을 떠난 아내와의 약속을 지키기 위해 그는 수천 개의 풍선을 매달아 집을 통째로 남아메리카로 날려 버린다. 하지만 이 위대한 모험에 초대 받지 않은 불청객이 있었으니, 바로 황야의 어린이 탐험가 러셀. 우여곡절 끝에 도착한 남미에서 칼은 어린 시절의 우상이었던 위대한 모험가 찰스 먼츠를 만나게 되는데... 그들은 과연 남미의 잃어버린 세계에서 사라져 버린 꿈과 희망, 행복을 다시 찾을 수 있을까?",
			"poster_path": "https://image.tmdb.org/t/p/w500/lL2WzkjLZP0RkPgUhybBjb9x9SL.jpg",
			"movie_id": 322579
		}
	},
	{
		"model": "movies.movie",
		"pk": 107,
		"fields": {
			"title": "주먹왕 랄프",
			"overview": "8비트 게임 ‘다고쳐 펠릭스’에서 건물을 부수는 악당 주먹왕 랄프. 30년째 매일같이 건물을 부수며 직업에 충실해왔지만, 악당이라는 이유로 누구도 그를 좋아하지 않는다. 모두에게 인정 받는 영웅이 되고 싶은 마음에 급기야 자기 게임을 이탈하여 다른 게임으로 들어가는 랄프! 슈팅게임 ‘히어로즈 듀티’를 거쳐 레이싱 게임 ‘슈가 러시’에 불시착하는 랄프는 과연 게임 세계의 새로운 영웅이 될 수 있을 것인가! 그리고 랄프가 떠난 후 고장 딱지가 붙은 ‘다고쳐 펠릭스’ 게임은 오락실에서 퇴출될 위기를 넘길 수 있을까?",
			"poster_path": "https://image.tmdb.org/t/p/w500/A6jGfyW7yzTpXkRJovUhe2IanKu.jpg",
			"movie_id": 82690
		}
	},
	{
		"model": "movies.movie",
		"pk": 108,
		"fields": {
			"title": "주먹왕 랄프 2: 인터넷 속으로",
			"overview": "각종 사고를 치며 게임 속 세상을 뒤집어 놨던 절친 주먹왕 랄프와 바넬로피는 버려질 위기에 처한 오락기 부품을 구하기 위해 와이파이를 타고 인터넷 세상에 접속한다. 얼떨결에 올린 동영상으로 순식간에 핵인싸에 등극한 랄프와 툴도 트랙도 없는 스릴만점 슬로터 레이스 게임에 참여하게 된 바넬로피. 지금껏 경험한 적 없는 엄청난 스케일과 새로운 재미에 흠뻑 빠진  랄프와 바넬로피는 랜섬웨어급 사고로 인터넷 세상을 혼란에 빠뜨리는데…  과연, 이들은 무사히 집에 돌아갈 수 있을까?",
			"poster_path": "https://image.tmdb.org/t/p/w500/54HHWP4Sqz22yKGM68kRQXCXXxS.jpg",
			"movie_id": 404368
		}
	},
	{
		"model": "movies.movie",
		"pk": 109,
		"fields": {
			"title": "가디언즈 오브 갤럭시",
			"overview": "자칭 전설의 무법자 스타로드, 그러나 현실은 우주를 떠도는 그저그런 좀도둑에 불과한 피터 퀼은 무엇인지도 모른 채 오브를 훔쳤다가 생고생의 길로 접어든다. 값나가는 유물인 줄 알았던 오브가 실은 어마어마한 힘을 지닌 인피니티 스톤이었던 것. 뜻하지 않게 갤럭시의 절대악 타노스와 로난의 타겟이 된 그는 감옥에서 만난 암살자 가모라, 거구의 파이터 드랙스, 현상금 사냥꾼 로켓과 그루트 콤비와 불편한 동맹을 맺고 일명 가디언즈 오브 갤럭시를 결성하는데...",
			"poster_path": "https://image.tmdb.org/t/p/w500/w1NRMKrB4jytLgBgfA1CEuMBgBf.jpg",
			"movie_id": 118340
		}
	},
	{
		"model": "movies.movie",
		"pk": 110,
		"fields": {
			"title": "가디언즈 오브 갤럭시 Vol. 2",
			"overview": "타노스에 맞서 은하계를 구하고 최고의 해결사로 등극한 스타로드 일행. 하지만 소버린 행성의 여사제 아이샤를 돕던 중 옛버릇을 고치지 못하고 행성의 배터리를 훔쳤다가 소버린 종족에 쫓기는 신세가 된다. 그 과정에서 피터의 아버지 에고가 그들을 돕는다. 아픈 엄마와 어린 자신을 버리고 떠난 아버지에 대한 원망이 컸던 피터는 에고의 행성에서 아버지의 능력을 확인하곤 그 힘에 이끌린다. 하지만 가모라는 에고의 행성에서 이상한 기운을 감지한다. 한편 반란군에 의해 위기에 처한 욘두는 로켓과 그루트의 도움으로 목숨을 구한다.",
			"poster_path": "https://image.tmdb.org/t/p/w500/uDuwGhQgffd5GQ695oUfy5oZGqP.jpg",
			"movie_id": 283995
		}
	},
	{
		"model": "movies.movie",
		"pk": 111,
		"fields": {
			"title": "가디언즈 오브 갤럭시 Vol. 3",
			"overview": "",
			"poster_path": "https://cdna.artstation.com/p/assets/images/images/017/881/386/large/joao-vitor-live.jpg?1557706900",
			"movie_id": 447365
		}
	},
	{
		"model": "movies.movie",
		"pk": 112,
		"fields": {
			"title": "이상한 나라의 앨리스",
			"overview": "더 이상 소녀가 아닌 19살의 앨리스가 어쩌다 본의 아니게 또다시 들어간 이상한 나라는 예전에 겪었던 그 이상한 나라가 아니다. 십여년 전 홀연히 앨리스가 사라진 후 이상한 나라는 독재자 붉은 여왕이 그녀 특유의 공포 정치로 통치하고 있었던 것. 물론 하얀 토끼와 트위들디와 트위들덤 쌍둥이, 겨울잠 쥐, 애벌레와 음흉하게 웃어대는 체셔 고양이 그리고 미친 모자장수는 붉은 여왕의 공포 정치 속에서도 정신없는 오후의 티타임을 즐기고 있다. 마치 어제 헤어진 친구를 오늘 다시 만난 듯 앨리스의 귀환을 대환영하는 미친 모자장수와 그 친구들. 손가락만큼 작아져버린 앨리스는 모자장수의 정신없는 환대와 붉은 여왕의 공포 정치를 뚫고 이번에도 무사히 집으로 돌아갈 수 있을까?",
			"poster_path": "https://image.tmdb.org/t/p/w500/9PZfYjgz6FeATs3V99FD509KWJf.jpg",
			"movie_id": 12155
		}
	},
	{
		"model": "movies.movie",
		"pk": 113,
		"fields": {
			"title": "세상을 바꾼 변호인",
			"overview": "남녀 차별이 당연시되던 시대에 태어난 ‘긴즈버그’는 1950년대 하버드대학교 로스쿨에서 남자들의 자리를 뺏은 9명의 여학생 중 한 명으로서 수석졸업을 하고 두 아이를 키우며 법대 교수가 된다. 그리고 1970년대, 차별의 완벽한 조건을 가진 여성 변호사로서 우연히 남성 보육자와 관련된 사건을 접하게 된다. 긴즈버그는 이것이 남성의 역차별 사건이며 성차별의 근원을 무너뜨릴 수 있는, 50년 전쟁의 포문을 열 열쇠임을 직감한다. 모두가 도저히 이길 수 없는 싸움, 패배가 확정된 재판이라 말렸지만, 긴즈버그는 남편과 딸의 지지에 힘입어 178건의 합법적 차별을 무너뜨릴 세기의 재판에 나서는데…",
			"poster_path": "https://image.tmdb.org/t/p/w500/vo2CgNiWNU1536d0cu7sPjdQyva.jpg",
			"movie_id": 339380
		}
	},
	{
		"model": "movies.movie",
		"pk": 114,
		"fields": {
			"title": "미녀와 야수",
			"overview": "프랑스의 작은 마을에 아버지와 살고 있는 벨은 책을 통해 넓은 세계를 꿈꾼다. 전쟁 영웅 개스톤의 저돌적인 구애와 마을 사람들의 핀잔에도 결혼 따위엔 관심이 없다. 어느 날 행방불명된 아버지를 찾아 폐허가 된 성에 도착한 벨은 저주에 걸린 야수를 만나 아버지 대신 성에 갇히고, 야수 뿐 아니라 성 안의 모든 이들이 신비로운 장미의 마지막 꽃잎이 떨어지기 전에 저주를 풀지 못하면 영원히 인간으로 돌아올 수 없는 운명임을 알게 된다. 성에서 도망치려던 벨은 자신을 보호해 준 야수의 진심을 알게 되면서 차츰 마음을 열어가기 시작하는데...",
			"poster_path": "https://image.tmdb.org/t/p/w500/tzYsKo6wGoBrP51eL9wDzfDP6Vx.jpg",
			"movie_id": 321612
		}
	},
	{
		"model": "movies.movie",
		"pk": 115,
		"fields": {
			"title": "아이언맨",
			"overview": "천재적인 두뇌와 재능으로 세계 최강의 무기업체를 이끄는 CEO이자, 타고난 매력으로 셀러브리티 못지않은 화려한 삶을 살아가던 억만장자 토니 스타크. 아프가니스탄에서 자신이 개발한 신무기 발표를 성공리에 마치고 돌아가던 그는 게릴라군의 갑작스런 공격에 의해 가슴에 치명적인 부상을 입고 게릴라군에게 납치된다. 가까스로 목숨을 건진 그에게 게릴라군은 자신들을 위한 강력한 무기를 개발하라며 그를 위협한다. 그러나 그는 게릴라군을 위한 무기 대신, 탈출을 위한 무기가 장착된 철갑수트를 몰래 만드는 데 성공하고, 그의 첫 수트인 Mark 1를 입고 탈출에 성공한다.",
			"poster_path": "https://image.tmdb.org/t/p/w500/318YNPBDdt4VU1nsJDdImGc8Gek.jpg",
			"movie_id": 1726
		}
	},
	{
		"model": "movies.movie",
		"pk": 116,
		"fields": {
			"title": "아이언맨 2",
			"overview": "세계 최강의 무기업체를 이끄는 CEO이자, 타고난 매력으로 화려한 삶을 살아가던 토니 스타크. 기자회견을 통해 자신이 아이언맨이라고 정체를 밝힌 이후, 정부로부터 아이언맨 수트를 국가에 귀속시키라는 압박을 받지만 이를 거부한다. 스타크 인더스트리의 운영권까지 수석 비서였던 페퍼 포츠에게 일임하고 히어로로서의 인기를 만끽하며 지내던 토니 스타크. 하지만 그 시각, 아이언맨의 수트 기술을 스타크 가문에 빼앗긴 후 쓸쓸히 돌아가신 아버지의 복수를 다짐해 온 위플래시는 수트의 원천 기술 개발에 성공, 치명적인 무기를 들고 직접 토니 스타크를 찾아 나선다.",
			"poster_path": "https://image.tmdb.org/t/p/w500/7rUFYRfYV6c4yXiKBvKWOCRjimc.jpg",
			"movie_id": 10138
		}
	},
	{
		"model": "movies.movie",
		"pk": 117,
		"fields": {
			"title": "아이언맨 3",
			"overview": "어벤저스의 일원으로 활약한 뉴욕 사건 이후, 트라우마로 인해 영웅으로서의 삶에 회의를 느끼는 토니 스타크. 그가 혼란을 겪는 사이 최악의 테러리스트 만다린을 내세운 익스트리미스 집단 AIM이 스타크 저택에 공격을 퍼붓는다. 이 공격으로 그에게 남은 건 망가진 수트 한 벌 뿐. 모든 것을 잃어버린 그는 다시 테러의 위험으로부터 세계와 사랑하는 여인을 지켜내야 하는 동시에 머릿속을 떠나지 않던 한가지 물음의 해답도 찾아야만 한다. 과연 그가 아이언맨인가? 수트가 아이언맨인가?",
			"poster_path": "https://image.tmdb.org/t/p/w500/pGMfidaVkjMVHXNIl7yippnipFT.jpg",
			"movie_id": 68721
		}
	},
	{
		"model": "movies.movie",
		"pk": 118,
		"fields": {
			"title": "캡틴 아메리카: 퍼스트 어벤져",
			"overview": "진주만 공습을 겪은 미국은 선전포고를 하고 제2차 세계대전에 발을 들인다. 스티브 로저스는 왜소하고 마른 체격으로 인해 입대마저 번번히 거부당하지만, 포기를 모르는 근성과 강한 희생 정신을 인정받아 최고의 전사를 양성하는 슈퍼 솔져 프로젝트에 스카우트된다. 비밀리에 진행된 실험을 통해 가장 완벽한 육체와 인간의 한계를 초월한 신체 능력을 얻게 된 스티브는 모두에게 캡틴으로 불리며 영웅으로 새롭게 태어난다. 하지만 거대한 히드라 조직을 앞세운 적의 공격은 한층 막강해지고, 그 핵심에 선 레드 스컬은 인류를 위협하는 최후의 전투를 준비하는데...",
			"poster_path": "https://image.tmdb.org/t/p/w500/7UGGhpu1DWwVdvf1Bop73wfoYy7.jpg",
			"movie_id": 1771
		}
	},
	{
		"model": "movies.movie",
		"pk": 119,
		"fields": {
			"title": "캡틴 아메리카: 윈터 솔져",
			"overview": "스티브 로저스는 외계의 뉴욕 침공 사건이 있은 뒤 워싱턴에서 쉴드 요원으로 살아가고 있다. 납치된 쉴드의 함선을 구출하는 작전을 펼치던 중 스티브는 닉 퓨리 국장과 블랙 위도우가 쉴드의 정보를 무단으로 수집하고 있다는 것을 알게 된다. 그리고 얼마 뒤 닉 퓨리는 윈터 솔져의 공격으로 눈을 감는다. 블랙 위도우와 함께 닉 퓨리가 남긴 USB를 분석하며 진실을 추적하던 스티브는 적이 쉴드 내부에 존재한다는 사실을 알게 된다. 설상가상 윈터 솔져가 캡틴 아메리카의 단짝 친구 버키라는 사실이 드러나는데...",
			"poster_path": "https://image.tmdb.org/t/p/w500/zcSTD8KeGeGDwlrZTq23RN4B6sP.jpg",
			"movie_id": 100402
		}
	},
	{
		"model": "movies.movie",
		"pk": 120,
		"fields": {
			"title": "맨 오브 스틸",
			"overview": "무리한 자원 채취로 크립톤 행성의 종말이 다가오자 조드 장군은 반란을 일으켜 자신들만의 왕국을 건설하려 한다. 이에 반대한 조엘은 크립톤인의 유전자 정보가 담긴 코덱스를 빼돌려 이를 갓 태어난 자신의 아들 칼엘과 함께 지구로 보내고, 반란에 실패한 조드 장군은 감옥에 갇힌다. 지구에 도착한 칼엘은 뒤늦게 자신의 정체를 알아내지만 감옥에서 탈출한 조드 장군의 공격을 받는다. 조드 장군은 코덱스를 되찾아 지구에 새로운 왕국을 건설하려 하고클라크 켄트는 자신을 그토록 괴롭혔던 지구인을 지키기 위해 조드 장군과 전면 승부를 벌인다.",
			"poster_path": "https://image.tmdb.org/t/p/w500/8Qx9fp2lZJU4v67jks6MmOMBCQg.jpg",
			"movie_id": 49521
		}
	},
	{
		"model": "movies.movie",
		"pk": 121,
		"fields": {
			"title": "수퍼맨 리턴즈",
			"overview": "수명이 다 된 크립톤(Krypton) 행성의 한 과학자가 자신의 아들을 우주선에 태워 지구로 보냈다. 소년은 어느 친절한 농부 부부에 의해 성장해 지구를 지키는 위대한 수호자 슈퍼맨이 되지만... 천문학자들이 고향 행성을 발견했단 소식을 듣자 슈퍼맨은 사라지게 된다.  오래 전 사라져버린 크립톤 행성에서 태어나 캔자스의 한 농장에서 성장한 슈퍼맨. 소년 칼은 클라크 켄트라는 새 이름으로 평범하게 성장했지만 남다른 점이 있다. 보통 사람들이 상상 속에서나 해볼 수 있는 초능력의 소유자. 평소에는 얌전하고 눈에 띄지 않는 클라크 켄트로 일상을 보내다가 전 세계가 그를 필요로 할 때면 영웅으로 몰래 변신하는 이중 생활을 해야 하는 슈퍼맨이다.  세계를 구원하던 그 슈퍼맨이 갑작스레 자취를 감춘 지 5년이란 시간이 흘렀다. 그가 사라진 후 도시에서는 범죄가 기승을 부리고, 자신의 욕망을 충족시키기 위한 수단으로 슈퍼맨의 비밀을 이용하려는 렉스 루터가 감옥에서 풀려난다. 한편, 데일리 플래닛 신문사의 간판 기자이자 슈퍼맨의 연인인 로이스 레인은 슈퍼맨이 말 없이 사라진 후 새로운 인생을 살고 있다. 심지어 '우리는 왜 더 이상 슈퍼맨을 필요로 하지 않는가?'란 제목의 에세이로 퓰리처상까지 수상했다. 그리고 혼자 다섯 살의 아들을 키우다 편집장 조카와 약혼까지 한 상태. 그렇게 세상은 영웅을 잊어가고 있었다.  그 동안 자신의 정체성을 찾기 위해 방황하던 슈퍼맨은 결국 자신의 유일한 가족, 양부모님이 있는 곳이자 사랑하는 로이스가 있는 곳, 완벽하지는 않지만 선한 사람들이 있는 지구가 자신이 진정 있어야 할 곳이라는 것을 깨닫고 지구로 돌아온다. 떠나간 사랑의 마음도 되찾아야 하고, 자신의 부재를 틈 타 기승을 부리던 악당들도 소탕해야 하는 슈퍼맨. 슈퍼맨이 돌아오자마자 렉스의 사악한 계획이 실행되려고 하는 지금, 인류는 그 어느 때보다 더 절실하게 슈퍼맨을 필요로 하고 있다.",
			"poster_path": "https://image.tmdb.org/t/p/w500/2mOfj4saHxkpdMapd3pUakuewnp.jpg",
			"movie_id": 1452
		}
	},
	{
		"model": "movies.movie",
		"pk": 122,
		"fields": {
			"title": "배트맨 대 슈퍼맨: 저스티스의 시작",
			"overview": "슈퍼맨과 조드 장군의 격렬한 전투 이후 메트로폴리스는 파괴되었고 슈퍼맨은 세계 최고 논쟁의 인물이 되어 버린다. 검증되지 않은 신과 같은 능력을 지닌 슈퍼맨의 등장에 사람들은 두려움에 빠지게 된다. 한편 배트맨은 그 동안 타락했던 많은 자들처럼 슈퍼맨 역시 언젠가 타락을 할 것이라 생각하며 사회에서 가장 위험한 존재로 여긴다. 세계의 미래를 위해 무모하고 제어할 수 없는 힘을 가진 슈퍼맨으로 인해 벌어졌던 일들을 바로 잡으려 한다. 배트맨과 슈퍼맨이 격돌하는 사이 인류를 위협할 새로운 위기가 빠르게 부상하기 시작하는데...",
			"poster_path": "https://image.tmdb.org/t/p/w500/nfdgwCossZkIEEaQ4iR80mX2iR3.jpg",
			"movie_id": 209112
		}
	},
	{
		"model": "movies.movie",
		"pk": 123,
		"fields": {
			"title": "메이즈 러너",
			"overview": "삭제된 기억, 거대한 미로로 둘러싸인 낯선 공간  모든 기억이 삭제된 채 의문의 장소로 보내진 ‘토마스’(딜런 오브라이언).  ‘토마스’는 미로에 갇힌 그곳에서 자신과 같은 상황의 사람들을 만난다.  그들은 매일 밤 살아 움직이는 미로에서 정체를 알 수 없는 죽음의 존재와 대립하며,  지옥으로부터 빠져나갈 탈출구인 지도를 완성해 나간다.  그러던 어느 날, 미로의 문이 열리고 그들은 마지막 선택의 기로에 놓이게 되는데…",
			"poster_path": "https://image.tmdb.org/t/p/w500/bL0bBepUCLFcCj2ATFD40FbyDEl.jpg",
			"movie_id": 198663
		}
	},
	{
		"model": "movies.movie",
		"pk": 124,
		"fields": {
			"title": "메이즈 러너: 데스 큐어",
			"overview": "미스터리한 조직 ‘위키드’에게 잡힌 ‘민호’(이기홍)를 구하기 위해  ‘토마스’(딜런 오브라이언)와 러너들은 ‘위키드’의 본부가 있는 최후의 도시로 향한다.  인류의 운명이 걸린 ‘위키드’의 위험한 계획을 알게 된  ‘토마스’와 러너들은 마지막 사투를 준비하지만,  ‘토마스’는 친구와 인류의 운명 앞에서 딜레마에 빠지게 되는데…",
			"poster_path": "https://image.tmdb.org/t/p/w500/xTOZbj6y3sTa83YH1dx82Ev7VlA.jpg",
			"movie_id": 336843
		}
	},
	{
		"model": "movies.movie",
		"pk": 125,
		"fields": {
			"title": "메이즈 러너: 스코치 트라이얼",
			"overview": "미로를 탈출한 토마스와 러너들은 자신들이 겪었던 위험한 실험에 미스터리한 조직 ‘위키드’가 관여된 것을 알게 되고, 그들의 정체를 밝혀 왜 이런 일들이 일어나고 있는지를 알아내기 위해 또 다시 탈출을 시도한다.  한 순간도 예측할 수 없는 위험들이 도사리고 있는 ‘스코치’에 도착한 러너들은 ‘위키드’에 대항하기 위해 결성된 저항 단체를 만나 그들과 함께 거대 조직에 맞설 준비를 한다.  하지만 ‘위키드’에 접근할수록 위험천만한 일들이 벌어지고, 조직이 비밀리에 준비 중인 또 다른 충격적인 계획을 알게 되는데...",
			"poster_path": "https://image.tmdb.org/t/p/w500/frtwTyCkcRWXMzIry5uLaGG1fvj.jpg",
			"movie_id": 294254
		}
	},
	{
		"model": "movies.movie",
		"pk": 126,
		"fields": {
			"title": "찰리와 초콜릿 공장",
			"overview": "전 세계 누구에게나 사랑 받는 윌리 웡카 초콜릿 공장. 매일 엄청난 양의 초콜릿을 생산해 세계 각국으로 운반하고 있지만 그 누구도 공장을 드나 드는 사람을 본 적이 없는 비밀의 공간이다. 공장보다 더 신비로운 수수께끼는 공장장인 윌리 웡카(조니 뎁)라는 인물. 소문에 의하면 웡카는 몇 년 동안 공장 밖으로 나가본 적도 없다고 한다. 어느 날 윌리 웡카가 5개의 웡카 초콜릿에 감춰진 행운의 황금티켓을 찾은 어린이 다섯 명에게 자신의 공장을 공개하고 그 모든 제작과정의 비밀을 보여주겠다는 선언을 한다. 이제 전 세계 어린이들은 황금티켓을 찾기 위한 노력을 시작한다.",
			"poster_path": "https://image.tmdb.org/t/p/w500/b3422i6tIf91RttBRfIz70dBSwn.jpg",
			"movie_id": 118
		}
	},
	{
		"model": "movies.movie",
		"pk": 127,
		"fields": {
			"title": "셜록 홈즈: 그림자 게임",
			"overview": "더욱 강렬하게, 더욱 스릴 있게 세상을 구할 홈즈의 추리가 다시 시작된다!  왓슨과 더 많은 시간을 보내기 위해 왓슨의 부인과 경쟁하는 홈즈 앞에 또 한 번 세상에서 가장 명석한 두뇌를 증명할 과제가 주어진다! 셜록 홈즈는 유럽에서 발생하는 연쇄 폭탄 테러사건, 강대국들의 전쟁 위기고조, 미국 철강 왕의 죽음 등 전세계에서 벌어지는 풀리지 않는 사건들이 모두 연결되어 있고 그 배후에 평생의 숙적 모리아티 교수(자레드 해리스)의 더 큰 음모가 숨겨져 있음을 직감한다.  조사 과정에서 만나게 된 집시이자 점술가인 묘령의 프랑스 여인 심(노미 파라스)을 통해 살인사건에 대해 정보를 얻지만 이를 계기로 여인은 킬러의 다음 목표물이 된다. 이에 홈즈는 그녀의 목숨을 구하기 위해, 그녀는 죽음을 피하기 위해 홈즈에게 협조하고 대륙을 넘나드는 험난한 모험 앞에서 교활한 모리아티 교수는 항상 한 발 먼저 죽음의 덫을 놓고 기다린다.  모리아티 교수의 계획이 성공하게 되면 역사가 뒤바뀔 정도로 세상은 위험해진다.  거대한 음모에 맞선 홈즈의 활약이 다시 펼쳐진다!",
			"poster_path": "https://image.tmdb.org/t/p/w500/vD1HZvrPW9FoYQFGr0ADTCsNFau.jpg",
			"movie_id": 58574
		}
	},
	{
		"model": "movies.movie",
		"pk": 128,
		"fields": {
			"title": "라라랜드",
			"overview": "차들로 빽빽이 들어찬 LA의 고속도로. 거북이 걸음이던 도로가 뚫리기 시작하지만 미아 지금 손에 든 연기 오디션 대본을 놓지 못한다. 세바스찬은 경적을 누르며 미아를 노려보고는 사라진다. 악연의 시작. 이후 미아는 감미로운 피아노 선율에 이끌려 재즈바로 향하는데, 연주자가 바로 세바스찬이다. 미아가 세바스찬에게 인사를 건네려고 다가가던 순간은 하필 그가 재즈바의 레퍼토리를 무시하고 연주한 탓에 해고된 직후. 세바스찬은 인사를 건네려 다가온 미아를 쌩하니 스쳐 지나가버린다. 세 번째로 두 사람은 파티에 온 손님과 출장 밴드의 키보드 연주자로 다시 만나는데...",
			"poster_path": "https://image.tmdb.org/t/p/w500/6v4g6yW01uTmbxqwg75iEkMkrNP.jpg",
			"movie_id": 313369
		}
	},
	{
		"model": "movies.movie",
		"pk": 129,
		"fields": {
			"title": "미스 페레그린과 이상한 아이들의 집",
			"overview": "할아버지의 죽음의 단서를 쫒던 제이크는 시간의 문을 통과해 놀라운 비밀과 마주한다. 시간을 조정하는 능력을 가진 미스 페레그린과 그녀의 보호아래 무한 반복되는 하루를 사는 특별한 능력의 아이들, 그리고 그들을 사냥하는 보이지 않는 무서운 적 할로게스트. 미스 페레그린과 제이크를 비롯한 아이들은 살아남기 위해 할로게스트에 맞서야 한다. 시간과 공간을 넘나들며 펼쳐지는 이들의 대결이 팀 버튼의 마법같은 상상력으로 펼쳐진다.",
			"poster_path": "https://image.tmdb.org/t/p/w500/j3VfU751qbvzxyYMfHL2vigqdYf.jpg",
			"movie_id": 283366
		}
	},
	{
		"model": "movies.movie",
		"pk": 130,
		"fields": {
			"title": "테이큰",
			"overview": "파리로 여행을 떠난 딸 킴(매기 그레이스)이 아버지 브라이언(리암 니슨)과 통화를 하던 중 납치 당한다. 딸을 찾아 파리에 도착한 브라이언은 킴의 부서진 휴대전화에서 피터의 사진을 발견하고 그를 미행하지만, 결정적인 단서를 얻으려던 순간 피터는 죽고 만다. 마약에 중독된 여성들이 가득한 곳에서 킴이 입고 있던 재킷을 가진 여자를 발견한 브라이언은 그녀를 통해 실마리를 추적한다. 킴이 납치당하던 순간 휴대전화를 향해 소리쳤던 외모를 그대로 지닌 남자를 발견한 브라이언. 마침내 결정적 단서를 얻게 되고, 일생일대의 사투를 시작하는데...",
			"poster_path": "https://image.tmdb.org/t/p/w500/xc25zeg7Bt19207jJnIzyykfHH1.jpg",
			"movie_id": 8681
		}
	},
	{
		"model": "movies.movie",
		"pk": 131,
		"fields": {
			"title": "테이큰 2",
			"overview": "킴(메기 그레이스)의 납치 사건으로 조직에 치명타를 입고, 가족의 목숨까지 빼앗긴 인신매매범 일당은 브라이언(리암 니슨)에게 똑같이 갚아주기 위해 조직력을 총동원, 그의 뒤를 쫓는다.  한편 이스탄불을 여행 중이던 브라이언과 전처 레노어(팜케 얀슨)는 알 수 없는 일당의 기습을 받고 납치되지만, 킴만은 극적으로 놈들의 손아귀에서 벗어난다. 어디론가 끌려가는 브라이언은 오직 소리에만 의존해 자신의 위치를 파악해간다. 감시를 피해 가까스로 탈출에 성공한 브라이언은 이제 킴과 레노아를 지키기 위해 다시 한번 전직 특수 요원의 실력을 발휘해 놈들을 역추적하기 시작하는데...",
			"poster_path": "https://image.tmdb.org/t/p/w500/5ITLRqXjsHsXlzsjQrTUtvbTdig.jpg",
			"movie_id": 82675
		}
	},
	{
		"model": "movies.movie",
		"pk": 132,
		"fields": {
			"title": "테이큰 3",
			"overview": "전 부인 레니(팜케 얀센)가 방문한다는 연락을 받고 집으로 돌아온 브라이언 밀스(리암 니슨)를 기다리는 건 살해당한 아내의 싸늘한 시체. 사태를 파악할 겨를도 없이 경찰이 집에 들이닥치고 브라이언은 살인범으로 체포되기 직전 가까스로 탈출한다. 쫓아야 할 대상도, 쫓기는 이유도 알 수 없는 상황에 경찰, FBI, CIA까지 총동원 되어 모두가 그를 쫓는다. 이제 그에게 무엇보다 중요한 것은 마지막 남은 딸 킴(매기 그레이스)을 지켜내는 것. 브라이언은 부인을 죽인 범인을 찾고 딸을 지키기 위해 목숨을 건 추격을 시작하는데...",
			"poster_path": "https://image.tmdb.org/t/p/w500/rYgLU3yHoq3qKftVXpbX9115wdI.jpg",
			"movie_id": 260346
		}
	},
	{
		"model": "movies.movie",
		"pk": 133,
		"fields": {
			"title": "스타 트렉: 비욘드",
			"overview": "우주를 항해하던 거대함선 엔터프라이즈호는 정체를 알 수 없는 우주선으로부터 공격을 받게 되고, 커크 함장을 비롯한 대원들은 낯선 행성에 불시착하고 만다. 하지만 외계 종족의 공격은 계속되고, 커크 함장과 대원들은 절체절명의 위기에 빠지게 되는데...",
			"poster_path": "https://image.tmdb.org/t/p/w500/mCcQIwrFzDLtHD2u27E6659K2Rl.jpg",
			"movie_id": 188927
		}
	},
	{
		"model": "movies.movie",
		"pk": 134,
		"fields": {
			"title": "스타 트렉: 더 비기닝",
			"overview": "지도자의 운명을 안고 태어났으나, 자신의 갈 길을 깨닫지 못한 채 방황하던 젊은 청년 커크는 우연한 기회로 엔터프라이즈호의 대원으로 입대하여 아버지를 잃었던 함선에 승선하게 된다. 아버지가 그랬던 것처럼 함선을 이끄는 함장이 되기 위해 엔터프라이즈호에서 우주 항해를 위한 훈련을 받기 시작하는 커크. 그는 자신과는 정반대로 냉철하고 이성적인 불칸족 스팍을 만나게 되고, 끊임없는 부딪힘 속에서 두 라이벌 커크와 스팍은 선의의 경쟁을 계속하게 된다. 패기 넘치는 첫 출격 이후 시행착오를 거듭하며 정식 대원의 자질을 갖춰가던 커크와 엔터프라이즈호의 대원들. 그러던 어느 날 불칸족의 행성과 엔터프라이즈호를 위협하는 파괴자의 존재가 감지되고, 복수를 위해 찾아온 네로 일당과 맞닥뜨린 이들은 인류의 미래를 위해 피할 수 없는 도전을 시작하게 되는데...",
			"poster_path": "https://image.tmdb.org/t/p/w500/pB9mA8cDfP5aQyWzXz287rIBLDP.jpg",
			"movie_id": 13475
		}
	},
	{
		"model": "movies.movie",
		"pk": 135,
		"fields": {
			"title": "스타 트렉: 다크니스",
			"overview": "우주를 항해하던 거대함선 USS 엔터프라이즈호를 이끌고 귀환한 커크 함장. 하지만 누군가의 무자비한 공격으로 인해 전세계는 거대한 위기에 빠지고, 스타플릿 내부까지 공격 당하며 공포와 충격은 더욱 커져만 간다. 테러의 주인공이 다름아닌 스타플릿의 최정예 대원 존 해리슨이라는 사실이 밝혀지고, 그의 분노가 극대화될 수록 세상은 걷잡을 수 없는 혼란에 휩싸이기 시작한다. 내부의 적에 의해 절체절명의 위기를 맞게 된 엔터프라이즈호! 커크 함장과 대원들은 초토화된 전쟁터 한복판에서 인류의 미래가 걸린 선택의 기로에 놓이게 되는데...",
			"poster_path": "https://image.tmdb.org/t/p/w500/cWdkziT86DiyRyICGKoZ0TnimHw.jpg",
			"movie_id": 54138
		}
	},
	{
		"model": "movies.movie",
		"pk": 136,
		"fields": {
			"title": "악마는 프라다를 입는다",
			"overview": "명문대학을 졸업한 소도시 출신의 앤드리아 삭스는 저널리스트 꿈을 안고 뉴욕에 상경한다. 나름 대학에서 편집장도 하고 상도 받았던 그녀는 자신감에 차 뉴욕의 여러 언론사에 이력서를 넣지만 결과는 처참했다. 결국 그의 이력서에 답한 곳은 오직 한 곳 런웨이 뿐이다. 런웨이는 세계 최고의 패션지로 누구나 입사하기를 열망하는 곳이지만 앤드리아에게는 탐탁치 않는 자리. 그도 그럴 것이 저널리스트를 꿈꾸는 그녀가 면접을 볼 자리는 편집장의 비서직이었던 것이다. 앤드리아는 패션의 ‘패’자도 모르고 런웨이가 어떤 잡지인지, 그곳의 편집장이 얼마나 패션계에서 유명한 사람인지 전혀 모르지만 뉴욕에서 꼭 성공하겠다는 열정 하나로 당당하게 면접을 보러 간다. 그런데…!!!  면접 날부터 앤드리아는 온갖 무시를 당한다. 그녀의 옷차림새는 런웨이의 패셔너블한 패셔니스타들 사이에서 독보적으로 눈에 띌 만큼 촌스러웠다. 그리고 그녀가 모셔야(!) 할 편집장 미란다 프리슬리는 그야말로 지옥에서 온 악마 같은 상사! 자신과 너무나 틀린 이곳에 입사하는 것을 포기한 앤드리아. 그런데 그때 그녀는 합격했다는 말을 듣는다. 앤드리아는 온통 첫 직장생활의 꿈에 부풀어 남자친구 네이트와 친구들에게 일장 자랑을 늘어놓는다. 하지만 지옥 같은 현실이 곧 그녀 앞에 놓여있었으니…",
			"poster_path": "https://image.tmdb.org/t/p/w500/rbHUzkSThvgOI6BT0hXn5Ts27Kc.jpg",
			"movie_id": 350
		}
	},
	{
		"model": "movies.movie",
		"pk": 137,
		"fields": {
			"title": "인셉션",
			"overview": "타인의 꿈과 접속해 생각을 빼낼 수 있는 근미래, 돔 코브는 꿈의 보안 프로그래머이자 동시에 침입자다. 그는 일본인 사업가 사이토의 제안에 따라 거대 합병 기업의 총수가 될 피셔의 꿈을 설계하여 기업 합병을 막으려 든다. 그 일을 성사시키면 코브는 사이토의 도움으로 아내의 살해범으로 몰린 자신의 누명을 뒤로 하고 사랑스런 자녀들이 있는 집으로 돌아갈 수 있다. 마침내 코브 일행은 꿈 안의 꿈 안의 또 꿈이라는 경로를 거치며 피셔의 꿈과 무의식 깊숙한 곳을 설계하고 침투한다.",
			"poster_path": "https://image.tmdb.org/t/p/w500/jSm8mzp7sucgL8NwINIoAmx4dS5.jpg",
			"movie_id": 27205
		}
	},
	{
		"model": "movies.movie",
		"pk": 138,
		"fields": {
			"title": "원더 우먼",
			"overview": "수천년 간 존재를 숨긴 채 지구를 수호하던 데미스키라의 공주 다이애나는 어느 날 하늘에서 이상한 움직임을 포착한다. 1차 세계대전에 참전해 스파이 활동을 벌이다가 격추된 미국인 조종사 스티브가 해변에 불시착한 것. 태어나 처음으로 남성을 보게 된 다이애나는 호기심을 감추지 못하고, 데미스키라의 일원들은 그가 파멸을 가져올 수도 있음을 경고한다. 다이애나는 엄마이자 여왕인 히폴리타의 반대에도 불구하고 나치군의 추격을 따돌리면서 그들의 생화학무기 공격을 비밀리에 막아야 하는 스티브를 따라나선다.",
			"poster_path": "https://image.tmdb.org/t/p/w500/oZGYR75RaSLQ8XdJIVerYnOdhFx.jpg",
			"movie_id": 297762
		}
	},
	{
		"model": "movies.movie",
		"pk": 139,
		"fields": {
			"title": "엠마",
			"overview": "19세기 영국의 작은 마을 하이베리. 21살의 부유하고 예쁘고 영리한 독신주의자 엠마 우드하우스는 주변 사람들의 중매 성사로 무료한 일상을 보상받으려 한다. 가정교사 테일러를 이웃의 웨스턴과 중매해 결혼에 이르자, 이번에는 그녀를 따르는 친구 해리엇을 교구 목사 엘튼과 결혼시켜 친구의 신분을 상승시켜주려한다. 하지만 엘튼은 엠마에게 청혼하고 해리엇은 다른 남자를 좋아한다. 타인의 마음을 헤아리지 못한 엠마의 행동은 오히려 해리엇과 주변 사람들에게 상처를 줄 뿐만 아니라 자신에게도 상처가 되는데...",
			"poster_path": "https://image.tmdb.org/t/p/w500/g8dnzQomqJ9LqAeyHQYGTFDJl42.jpg",
			"movie_id": 556678
		}
	},
	{
		"model": "movies.movie",
		"pk": 140,
		"fields": {
			"title": "주토피아",
			"overview": "어릴 적부터 경찰이 꿈이었던 토끼 주디 홉스는 주변의 만류에도 불구하고 경찰학교에 들어가 당당히 수석으로 졸업한다. 온갖 동물들이 모여 살며 교양 있고 세련된 라이프 스타일을 주도하는 대도시 주토피아에 자원한 주디는 의욕을 안고 출근하지만, 상사는 작은 토끼라는 이유로 주차관리 같은 소일거리만 시킨다. 따분하게 업무를 보던 주디는 아이스크림 불법 판매를 일삼는 사기꾼 여우 닉 와일드를 알게 되고, 그와 함께  48시간 안에 주토피아에서 벌어지고 있는 연쇄 실종사건을 추적해야만 하는데...",
			"poster_path": "https://image.tmdb.org/t/p/w500/fZcab1yiKXsjx3S8D4KRHZsnMGC.jpg",
			"movie_id": 269149
		}
	},
	{
		"model": "movies.movie",
		"pk": 141,
		"fields": {
			"title": "죽은 시인의 사회",
			"overview": "1859년에 창립된 미국의 명문 사립학교인 웰튼 고등학교의 새 학기를 맞아 신입생들도 들어오고, 이 학교 출신인 새로운 영어 교사 존 키팅(로빈 윌리엄스)도 부임한다. 키팅 선생은 학생들에게 관습에 맞서고 자신의 삶을 남다르게 가꾸라며 새로운 학습 방법으로 학생들을 지도하며 학생들에게 신선한 충격을 준다. 닐(로버트 숀 레오나드)은 키팅 선생을 캡틴이라 부르며 따르게 되고, 몇몇 학생들과 함께 죽은 시인의 사회라는 시낭독 클럽을 조직한다. 닐과 그의 친구들은 엄격한 학교 규율을 어기고 서클에 참여하면서 키팅 선생을 통해 참된 인생이 무엇인지를 조금씩 느끼게 되는데...",
			"poster_path": "https://image.tmdb.org/t/p/w500/qZARQ9ztjIBRfwmg8q3SdOVI6H1.jpg",
			"movie_id": 207
		}
	},
	{
		"model": "movies.movie",
		"pk": 142,
		"fields": {
			"title": "블랙 스완",
			"overview": "뉴욕 발레단에 소속된 니나(나탈리 포트만)는 전직 발레리나 출신인 엄마 에리카(바바라 허쉬)의 총애를 받으며 모든 것을 발레에 바치고 있다. 예술 감독 토마스 리로이(뱅상 카셀)는 백조와 흑조라는 베스(위노나 라이더)를 새로운 시즌의 오프닝 작품 백조의 호수에서 강판시키고 니나를 발탁한다. 하지만 순수하고 나약한 백조 연기에 비해 관능적이고 도발적인 흑조를 연기하는 데에는 어딘지 불안한 니나. 게다가 새로 입단한 릴리(밀라 쿠니스)는 니나처럼 정교한 테크닉은 없지만, 무대를 압도하는 카리스마와 관능미로 은근히 비교 대상이 되는데...",
			"poster_path": "https://image.tmdb.org/t/p/w500/n7HKY5t09ZBv2KxMAQyEm17yrcv.jpg",
			"movie_id": 44214
		}
	},
	{
		"model": "movies.movie",
		"pk": 143,
		"fields": {
			"title": "혹성탈출: 진화의 시작",
			"overview": "아버지의 알츠하이머 치료약 개발을 위해 유인원을 이용, 임상시험에 몰두하는 과학자 윌(제임스 프랭코). 실험에 참가한 한 유인원에게서 어린 시저(앤디 서키스)가 태어나자 연구를 위해 그를 집으로 데려와 가족처럼 함께 지내게 된다. 하지만 시간이 지날수록 시저의 지능은 인간을 능가하게 되고, 어느 날 이웃집 남자와 시비가 붙은 윌의 아버지를 본능적으로 보호하려는 과정에서 인간을 공격한 시저는 결국 유인원 보호시설로 보내진다. 시저는 자신이 인간과 다른 존재라는 것을 서서히 자각하게 되고, 유인원 집단과 그들을 적대시하는 인간과의 전쟁은 피할 수 없게 되는데...",
			"poster_path": "https://image.tmdb.org/t/p/w500/ik3cempRee837ETSXUYCGpDyzN7.jpg",
			"movie_id": 61791
		}
	},
	{
		"model": "movies.movie",
		"pk": 144,
		"fields": {
			"title": "혹성탈출: 반격의 서막",
			"overview": "치명적인 바이러스 시미안 플루로 인류가 거의 멸망하고 소수만이 살아남은 시대. 유인원들은 도시를 떠나 숲에서 그들의 세상을 만들었다. 도시는 폐허가 되었고, 10년간 인간과 유인원은 서로 다른 공간에 머물며 마주치지 않고 살아왔기 때문에 유인원들은 인간이 멸종한 것이 아닐까 추정하고 있다. 그 평화가 깨진 것은 도시의 비상전력이 다 소진되면서부터. 전력 공급을 위해서는 유인원이 거주하는 숲에 있는 댐을 재가동해야 한다. 우연히 두 존재가 마주치게 되자, 유인원과 인간은 평화를 지킬 것인가 무력을 써서 주도권을 가져야 하나를 두고 내부 마찰을 겪는데...",
			"poster_path": "https://image.tmdb.org/t/p/w500/39kIGCP0mvRc9IZC1oJuIaJOaAb.jpg",
			"movie_id": 119450
		}
	},
	{
		"model": "movies.movie",
		"pk": 145,
		"fields": {
			"title": "신비한 동물들과 그린델왈드의 범죄",
			"overview": "마법 세계와 비마법 세계의 공존을 깨려고 했던 그린델왈드는 뉴트 스캐맨더와 미국 마법부 의회에 의해 붙잡혔지만, 유럽으로 이송하는 과정에서 탈출하고 만다. 그린델왈드의 탈출 목적은 프랑스 파리에 머무는 것으로 추정되는 크레덴스를 포섭해 자신의 수하로 삼는 것. 영국으로 돌아왔던 뉴트는 덤블도어 교수로부터 자신은 나설 수 없으니 그린델왈드에 맞서달라는 지령을 받고 역시 파리로 향한다. 뉴트의 친구들, 제이콥과 퀴니, 그리고 오러로 복귀한 티나도 각자의 이유로 파리로 향하는데...",
			"poster_path": "https://image.tmdb.org/t/p/w500/6Ik5hJ6gOYvc5F1DdKQaAwamsKd.jpg",
			"movie_id": 338952
		}
	},
	{
		"model": "movies.movie",
		"pk": 146,
		"fields": {
			"title": "신비한 동물사전",
			"overview": "1926년 뉴욕, ‘검은 존재’가 거리를 쑥대밭으로 만들고 미국의 마법의회 MACUSA의 대통령과 어둠의 마법사를 체포하는 오러의 수장 그레이브스가 이를 추적하는 혼돈 속에 영국의 마법사 뉴트 스캐맨더가 이 곳을 찾는다. 그의 목적은 세계 곳곳에 숨어있는 신비한 동물들을 찾기 위한 것. 여행을 하면서 다양한 크기의 신비한 동물을 구조해 안에 마법의 공간이 있는 가방에 넣어 다니며 보살핀다. 하지만 은행을 지나던 중 금은보화를 좋아하는 신비한 동물인 니플러가 가방 안에서 탈출을 하고 이 일로 전직 오러였던 티나와 노마지 제이콥과 엮이게 된다. 이 사고로 뉴트와 제이콥의 가방이 바뀌면서 신비한 동물들이 대거 탈출을 하고 그들은 동물들을 찾기 위해 뉴욕 곳곳을 누빈다. 한편, ‘검은 존재’의 횡포는 더욱 거세져 결국 인간 사회와 마법 사회를 발칵 뒤집는 사건이 발생하고, 이 모든 것이 뉴트의 소행이라는 오해를 받게 되는데…",
			"poster_path": "https://image.tmdb.org/t/p/w500/1HHH1YR2UL5JLkrsbO6gfcg0gna.jpg",
			"movie_id": 259316
		}
	},
	{
		"model": "movies.movie",
		"pk": 147,
		"fields": {
			"title": "나니아 연대기: 새벽 출정호의 항해",
			"overview": "2차 세계대전이 한창인 영국. 페번시가의 막내들인 에드먼드(스캔다 케인스)와 루시(조지 헨리)는 까탈스럽고 불평 많은 사촌 유스터스(윌 폴터)의 집에 얹혀살고 있다. 어느 날 루시의 방에 걸려 있는 그림 속에서 갑자기 바닷물이 쏟아져 나오며 세 아이는 나니아의 세계로 빨려들어간다. 그들이 망망대해에서 만난 것은 새벽 출정호를 타고 실종된 일곱명의 영주를 찾아 헤매던 캐스피언 왕자(벤 반스) 일행. 이들은 첫 번째 항해지인 론 제도의 영주 베른에게, 아슬란에게서 받은 일곱개의 마법검을 소유한 일곱명의 영주가 사라지면서 언제부터인가 바다에서 녹색 안개가 나타나 배와 사람들을 집어삼켜왔다는 사실을 전해듣는다.",
			"poster_path": "https://image.tmdb.org/t/p/w500/dp6YkejkXV7xAQwCv61LwXFNIeA.jpg",
			"movie_id": 10140
		}
	},
	{
		"model": "movies.movie",
		"pk": 148,
		"fields": {
			"title": "나니아 연대기: 사자, 마녀 그리고 옷장",
			"overview": "제2차 세계대전 중의 영국. 공습을 피해 디고리 교수의 시골 별장으로 간 페번시가의 네 남매인 피터, 수잔, 에드먼드, 루시는 마법의 옷장을 통해 신비로운 나라 나니아로 들어선다. 말하는 동물들과 켄타우로스, 거인들이 평화롭게 어울려 사는 땅이었던 나니아는 사악한 하얀 마녀 제이디스에 의해 긴 겨울에 감금되어 있다. 게다가 이 겨울에는 크리스마스도 없다. 호기심 많은 루시, 퉁명스러운 에드먼드, 신중한 수잔, 분별 있는 맏이 피터는 고귀한 사자 아슬란의 인도로 제이디스의 싸늘한 주문을 깨는 싸움에 가담한다.",
			"poster_path": "https://image.tmdb.org/t/p/w500/xo86KtpjsGZRuI3vF17aHxHNX3E.jpg",
			"movie_id": 411
		}
	},
	{
		"model": "movies.movie",
		"pk": 149,
		"fields": {
			"title": "나니아 연대기: 캐스피언 왕자",
			"overview": "현실의 세계로 돌아온 지 1년 후, 페번시 남매들은 마법의 힘에 의해 다시 나니아의 세계로 들어간다. 그러나 그곳은 이미 폐허로 변해 있었다. 나니아 시간으로 벌써 1,300년이란 세월이 흘렀던 것. 그 동안 나니아는 황금기의 종말을 고하고, 텔마린 족에게 점령되어 무자비한 미라즈 왕의 통치를 받고 있었다. 페번시 남매들을 나니아로 불러낸 건 텔마린 족의 진정한 왕위 계승자인 캐스피언 왕자였다. 삼촌 미라즈에게 왕위를 뺏긴 그는 나니아인들이 숨어 사는 숲 속으로 피신, 페번시 남매와 만난다. 캐스피언 왕자는 삼촌을 물리치고 왕위를 찾게 도와주면 나니아인들의 터전을 돌려 주겠다는 약속을 하는데...",
			"poster_path": "https://image.tmdb.org/t/p/w500/o89tirJIiukLxHH20jxZ2ycSneH.jpg",
			"movie_id": 2454
		}
	},
	{
		"model": "movies.movie",
		"pk": 150,
		"fields": {
			"title": "센과 치히로의 행방불명",
			"overview": "평범한 열 살 짜리 소녀 치히로 식구는 이사 가던 중 길을 잘못 들어 낡은 터널을 지나가게 된다. 터널 저편엔 폐허가 된 놀이공원이 있었고 그곳엔 이상한 기운이 흘렀다. 인기척 하나 없는 이 마을의 낯선 분위기에 불길한 기운을 느낀 치히로는 부모님에게 돌아가자고 조르지만 부모님은 호기심에 들떠 마을 곳곳을 돌아다니기 시작한다. 어느 음식점에 도착한 치히로의 부모님은 그 곳에 차려진 음식들을 보고 즐거워하며 허겁지겁 먹어대다가 돼지로 변해버린다. 겁에 질려 당황하는 치히로에게 낯선 소년 하쿠가 나타나 빨리 이곳을 나가라고 소리치는데...",
			"poster_path": "https://image.tmdb.org/t/p/w500/u1L4qxIu5sC2P082uMHYt7Ifvnj.jpg",
			"movie_id": 129
		}
	},
	{
		"model": "movies.movie",
		"pk": 151,
		"fields": {
			"title": "브리짓 존스의 일기",
			"overview": "서른 두살의 노처녀 브리짓 존스(Bridget Jones: 르니 젤위거 분). 칼로리와의 전쟁에 몰두하고 완벽한 남자를 만나겠다는 희망을 간직한 그녀. 어김없이 새해가 다가오고 그녀는 엄마의 성화로 부모님 댁에서 수다스럽고 참견하기 좋아하는 이웃들과 함께 명절을 보내야 한다. 브리짓은 파티장에서 잘나가는 인권 변호사 마크 다아시(Mark Darcy: 콜린 퍼스 분)를 소개받는데, 두 사람은 서로에게 아무런 매력도 느끼지 못한다. 더구나 마크는 브리짓을 가리켜 골초에 알콜 중독자라고 입방아 찧는 사람들의 얘기를 듣게 된다. 모욕감을 느낀 브리짓. 그녀는 일기를 쓰면서 새해 결심을 굳게 다진다. 그 중 한가지, 최고의 남자를 만나 멋진 데이트를 즐기겠다는 것. 브리짓이 점찍은 상대는 같은 출판사에 근무하는 직장 상사, 다니엘 클리버(Daniel Cleaver: 휴 그랜트 분). 서로 장난스럽고 은밀한 메일을 주고받으면서 둘의 관계는 직장 상사와 부하 이상으로 발전한다. 하지만 브리짓과 다니엘은 마크와 자주 마주치게 되고 곧 이상한 삼각관계가 만들어진다. 다니엘은 브리짓과 데이트를 즐기면서도 다른 여자와 말썽을 일으키고, 브리짓은 예전에 다니엘이 마크의 여자를 가로챘다는 것을 알게 된다. 다니엘을 잊으려는 브리짓에게 마크는 자신의 진실된 감정을 고백하는데...",
			"poster_path": "https://image.tmdb.org/t/p/w500/rEcVN5O9mHLABd3Xzctl3Y7SuqU.jpg",
			"movie_id": 634
		}
	},
	{
		"model": "movies.movie",
		"pk": 152,
		"fields": {
			"title": "사운드 오브 뮤직",
			"overview": "알프스의 아름다운 자연에 둘러싸인 오스트리아의 잘츠부르크 수도원. 음악을 사랑하는 말괄량이 견습 수녀 마리아는 원장 수녀의 권유로 해군 명문 집안 폰 트랩가의 가정교사가 된다. 마리아는 좀처럼 마음의 문을 열지 않는 폰 트랩가의 일곱 아이들에게 노래를 가르치며 점차 교감하게 되고, 엄격한 폰 트랩 대령 역시 마음의 문을 열게 된다. 그러던 어느 날, 마리아는 자신이 폰 트랩 대령을 사랑하고 있다는 사실을 깨닫게 되고, 자신만의 비밀을 간직한 채 아이들의 곁을 떠나 다시 수녀원에 들어가기로 결심하는데...",
			"poster_path": "https://image.tmdb.org/t/p/w500/3l1ATCYNuHep6evzX8GSUigWOLs.jpg",
			"movie_id": 15121
		}
	},
	{
		"model": "movies.movie",
		"pk": 153,
		"fields": {
			"title": "트루먼 쇼",
			"overview": "트루먼 버뱅크는 작고 조용한 섬마을에 사는 평범한 세일즈맨이다. 그런 그가 자신의 삶에 대해 의문을 갖기 시작한 것은 평소와 다름없이 평범한 어느 날, 갑자기 하늘에서 촬영용 조명등이 떨어지고, 어렸을 적 자신이 익사를 직접 목격했던 아버지가 살아오고, 또 누군가에 의해 끌려가는 등 상식 밖의 일들이 벌어지고 나서부터였다. 평생을 그다지 신경쓰지 않고 지냈던 일상이었지만 주변을 보니 이상한 일이 너무 많았다. 결국 자신이 특별한 상황에 놓여있다는 확신을 하게된 트루먼은 첫사랑 실비아의 모든 것이 다 거짓라는 말을 되새기며 일상으로부터 탈출을 결심하게 되는데...",
			"poster_path": "https://image.tmdb.org/t/p/w500/AsUv4pFf1UQuOLKf7nYUXgmgCNf.jpg",
			"movie_id": 37165
		}
	},
	{
		"model": "movies.movie",
		"pk": 154,
		"fields": {
			"title": "쿵푸팬더",
			"overview": "평화의 계곡에서 아버지의 국수 가게를 돕고 있는 팬더 포. 아버지는 국수의 비법을 알려주어 가업을 잇게 하고 싶지만, 포의 관심사는 오로지 쿵푸 마스터. 가게 일은 뒷전으로 하고 쿵푸의 비법이 적힌 용문서의 전수자를 정하는 무적의 5인방 대결을 보러 시합장을 찾은 포. 그런데 마을의 현인 우그웨이 대사부가 포를 용문서의 전수자로 점지하는 이변이 일어난다. 무적의 5인방은 물론 시푸 사부 역시 이 사태를 받아들이지 못하는 가운데, 용문서를 노리고 어둠의 감옥에서 탈출한 타이 렁이 마을을 습격해오자 그를 막아야 하는 미션이 포에게 떨어지는데...",
			"poster_path": "https://image.tmdb.org/t/p/w500/c3Dzd3A3QE0LkKb5HMOHTzs2Fyg.jpg",
			"movie_id": 9502
		}
	},
	{
		"model": "movies.movie",
		"pk": 155,
		"fields": {
			"title": "쿵푸팬더 2",
			"overview": "그토록 원하던 용의 전사가 되어 무적의 5인방과 함께 평화의 계곡을 지키게 된 포. 진정한 용의 전사로 거듭나기 위해 시푸 사부와 쿵푸 수련에 매진하던 중, 셴 선생이 위대한 쿵푸 사부들을 하나 둘씩 제거하고 있다는 소식을 듣게 된다.  여전히 바람을 가르는 주먹의 소리보다 배에서 울리는 꼬르륵 소리가 더 크고, 오랜 숙적인 계단 앞에서는 맥을 못 추는 천방지축 팬더 포. 이제 막 정식 수련을 시작하려는 포에게 쿵푸를 지켜야 한다는 막중한 미션이 주어지고, 포는 무적의 5인방과 함께 길을 떠난다. 과연 포는 쿵푸의 대가들도 막지 못한 셴 선생의 비밀병기에 맞서 쿵푸를 지켜낼 수 있을까?",
			"poster_path": "https://image.tmdb.org/t/p/w500/bPocc0TkmgENeBcreGSq3nNiEB7.jpg",
			"movie_id": 49444
		}
	},
	{
		"model": "movies.movie",
		"pk": 156,
		"fields": {
			"title": "쿵푸팬더 3",
			"overview": "어느 날 우연히 어린 시절 잃어버렸던 진짜 팬더 아버지를 만난 포는 아버지 리와 함께 팬더들이 어울려 사는 비밀스러운 팬더 마을로 향한다. 자신 못지 않게 여유와 흥 넘치는 팬더들과 즐거운 시간을 보내는 포. 하지만 모든 쿵푸 마스터들을 제압하며 전세계를 위협하는 악당 카이의 등장으로 포는 예상치 못했던 불가능한 도전에 맞닥뜨리게 된다. 놀기 좋아하고, 먹는 게 행복이며, 덤벙대는 게 특기인 팬더 친구들에게  궁극의 쿵푸를 전수해야 하는 것.  쿵푸 훈련법 마스터에 나선 포의 팬더 인생 최대의 도전이 시작된다.",
			"poster_path": "https://image.tmdb.org/t/p/w500/vMaqgPgMhO1XvwzoEAurUKVQJNV.jpg",
			"movie_id": 140300
		}
	},
	{
		"model": "movies.movie",
		"pk": 157,
		"fields": {
			"title": "조커",
			"overview": "홀어머니와 사는 아서 플렉은 코미디언을 꿈꾸지만 그의 삶은 좌절과 절망으로 가득 차 있다. 광대 아르바이트는 그에게 모욕을 가져다주기 일쑤고, 긴장하면 웃음을 통제할 수 없는 신경병 증세는 그를 더욱 고립시킨다. 정부 예산 긴축으로 인해 정신과 약물을 지원하던 공공의료 서비스마저 없어져 버린 어느 날, 아서는 지하철에서 시비를 걸어온 증권사 직원들에게 얻어맞던 와중에 동료가 건네준 권총으로 그들을 쏴 버리고 만다. 군중들은 지배계급에 대한 저항의 아이콘이 된 그를 추종하기 시작하며 광대 마스크로 얼굴을 가리고 거리로 쏟아져 나오기 시작하는데...",
			"poster_path": "https://image.tmdb.org/t/p/w500/wrCwH6WOvXQvVuqcKNUrLDCDxdw.jpg",
			"movie_id": 475557
		}
	},
	{
		"model": "movies.movie",
		"pk": 158,
		"fields": {
			"title": "나 홀로 집에 2 - 뉴욕을 헤매다",
			"overview": "시카고에 살고 있는 케빈(맥컬리 컬킨)의 가족은 크리스마스에 플로리다에 가기로 되어있다. 그러나 공항의 소란 속에, 홀로 뉴욕행 비행기에 오르게 되어 거대한 도시에 혼자 남게 된 케빈은 기지를 발휘하여 아버지 카드로 플로리자 호텔에 묶게되고, 의심스러워 하는 종업원들을 멋지게 따돌린다. 한편, 감옥을 탈출한 2인조 강도 마브와 해리는 뉴욕의 장난감 가게를 털어 한 몫 잡을 꿈에 부풀어 있는데...",
			"poster_path": "https://image.tmdb.org/t/p/w500/oT2tUG8Wk7DhIzlT8mS1YTHIG5V.jpg",
			"movie_id": 772
		}
	},
	{
		"model": "movies.movie",
		"pk": 159,
		"fields": {
			"title": "나 홀로 집에",
			"overview": "크리스마스 시즌의 시카고. 말썽꾸러기 케빈(맥컬리 컬킨)은 자기의 치즈 피자를 먹은 형과 싸워 소동을 일으키자 엄마는 케빈을 3층 다락방으로 올려보낸다. 케빈의 가족들과 케빈의 집에 온 손님들은 다음 날에 크리스마스 연휴를 이용해 프랑스의 친척 집으로 떠날 계획이었다. 그날 밤, 바람이 세차게 불어 전화선과 전기선이 끊긴다. 케빈의 가족들은 늦잠을 자게 되어 비행기 시간을 맞추기 위해 허둥대다가 그만 3층 다락방에서 잠이 든 케빈을 두고 떠난다. 잠에서 깬 케빈은 혼자 남은 것을 알고 하느님이 자신의 소원을 들어주었다고 기뻐한다. 비행기를 타고 가던 케빈의 어머니는 무엇인가 빠뜨린 기분에 고민하다가 케빈을 두고 왔음에 놀란다. 하지만 전화선이 불통이라, 어쩔 수 없다가 프랑스에 도착한 식구들은 목적지로 가고 엄마는 케빈이 걱정이 되어 집으로 돌아갈 비행기표를 사기 위해 안간힘을 쓰지만 연말연휴라 좌석이 없었다. 혼자 집에 남은 케빈은 형과 누나 방을 구경하면서 즐거워한다. 그리고 노래를 부르고 트리도 만들면서 자축한다. 그런데 빈집털이 2인조 도둑이 케빈의 집을 호시탐탐 노리고 있다는 것을 알게 되는데...",
			"poster_path": "https://image.tmdb.org/t/p/w500/oOrGMMvpe51VmlC5nwEOt211kjy.jpg",
			"movie_id": 771
		}
	},
	{
		"model": "movies.movie",
		"pk": 160,
		"fields": {
			"title": "나 홀로 집에 3",
			"overview": "미 국방부는 일급 기밀 컴퓨터 칩을 도난당한다. 전문적이고 무자비한 절도 행위를 자행해온 국제 범죄 조직이 블랙 마켓에서 이 컴퓨터 칩을 대가로 수백만 달러를 요구하고 있다. 이 무자비한 범죄조직의 악당들은 무선 조정 자동차에 숨겨서 공항을 빠져 나오던 중 가방이 할머니 것과 바뀌는 사건이 발생한다.  일당들은 공항에서 할머니의 집까지 태워준 택시 기사를 협박하여 할머니의 집을 알아내지만 막상 할머니 집에 도착에 동네 전체 14 가구 모두가 운전 기사가 묘사한 집과 똑같았다. 이제부터 네명의 능숙한고 고도의 훈련으로 무장한 국제 범죄자들은 컴퓨터 칩을 찾기 위한 계획적이고 치밀한 수색작업에 들어가는데 경찰과 인터폴, FBI도 이들의 작전을 막을 수 없다. 알렉스 프루이트(Alex: 알렉스 D. 린즈 분)는 상상력이 풍부한 8살 짜리 꼬마이다. 가족 모두는 휴가를 보내러 집을 비우게 되고, 수두를 앓느라 집에 혼자 남겨진 알렉스는 무료함을 달래기 위해 동네를 망원경으로 관찰하던 중 수상한 사람들을 발견하고 이들의 음모에 대응하기로 결심하게 된다.",
			"poster_path": "https://image.tmdb.org/t/p/w500/6MJimng1MriEwrou9Vl4WKdO7Pe.jpg",
			"movie_id": 9714
		}
	},
	{
		"model": "movies.movie",
		"pk": 161,
		"fields": {
			"title": "그것",
			"overview": "살인과 실종사건이 이상하게 많이 생기는 데리라는 마을, 비 오는 어느 날 종이배를 들고 나간 동생이 사라졌다.  형 빌은 ‘루저 클럽’ 친구들과 함께 동생을 찾아 나서고, 27년마다 가장 무서워하는 것의 모습을 한 채 아이들을 잡아먹는다는 ‘그것’이 빨간 풍선을 든 삐에로의 모습으로 그들 앞에 나타나는데…  빌과 친구들은 공포를 이겨내고 ‘그것’에 맞서 동생과 사라진 아이들을 찾을 수 있을까?",
			"poster_path": "https://image.tmdb.org/t/p/w500/nlZKIOeoSWwrRcrppoIbkfOGZ6J.jpg",
			"movie_id": 346364
		}
	},
	{
		"model": "movies.movie",
		"pk": 162,
		"fields": {
			"title": "그것: 두 번째 이야기",
			"overview": "27년마다 아이들이 사라지는 마을 데리, 또 다시 ‘그것’이 나타났다. 27년 전, 가장 무서워하는 것의 모습으로 나타나 아이들을 잡아먹는 그것 페니와이즈에 맞섰던 ‘루저 클럽’ 친구들은 어른이 되어도 더 커져만 가는 그것의 공포를 끝내기 위해 피할 수 없는 마지막 대결에 나선다.",
			"poster_path": "https://image.tmdb.org/t/p/w500/kkkS7NYPY4QZcZY6vfkAx0vjJRa.jpg",
			"movie_id": 474350
		}
	},
	{
		"model": "movies.movie",
		"pk": 163,
		"fields": {
			"title": "팀버튼의 크리스마스 악몽",
			"overview": "1년에 한 번 할로윈 축제를 위해서 사는 할로윈 마을의 리더인 잭은 해골 귀신이다. 여느 때와 마찬가지로 할로윈을 준비해야 하는 잭은 반복되는 일상에 염증을 느낀다. 어느 날 잭은 우연히 할로윈 마을을 벗어나 크리스마스 마을에 도착한다. 할로윈 마을과는 판이하게 다른 크리스마스 마을을 보고 잭은 할로윈 마을에서 크리스마스 축제를 맡기로 한다. 잭과 그의 일당은 산타를 납치하고 산타 대신 해골이나 거미, 뱀 등을 크리스마스 선물로 준비해서 아이들에게 나누어주지만, 크리스마스의 들뜬 기분은 사라지고 온통 소동만 일어나는데...",
			"poster_path": "https://image.tmdb.org/t/p/w500/aWUy907W9OtypP3iWO3wWvu4641.jpg",
			"movie_id": 9479
		}
	},
	{
		"model": "movies.movie",
		"pk": 164,
		"fields": {
			"title": "바스터즈: 거친 녀석들",
			"overview": "2차 세계 대전, 나치의 잔인하고 폭력적인 행태에 분개한 미군 알도 레인 중위는 당한 만큼 돌려준다는 강렬한 신념으로 최고의 재능을 가진 8명의 대원을 모아 바스터즈란 군단을 만들어 나치가 점령한 프랑스에 잠입해 복수를 시작한다. 어느 날 알도 레인 중위는 독일의 여배우이자 영국의 더블 스파이인 브리짓에게 뜻밖의 소식을 듣는다. 나치 수뇌부가 모두 참석하는 독일 전쟁 영화의 프리미어에 히틀러도 참석을 한다는 것. 한 번에 나치를 모두 쓸어버릴 계획으로 바스터즈는 이탈리아 영화 관계자로 분장해 극장으로 향하는데...",
			"poster_path": "https://image.tmdb.org/t/p/w500/u8gcf764K5wBBDoXlQtnkOtVeHR.jpg",
			"movie_id": 16869
		}
	},
	{
		"model": "movies.movie",
		"pk": 165,
		"fields": {
			"title": "데드풀",
			"overview": "특수부대 요원 출신의 용병 웨이드 윌슨은 취향과 장난기마저 똑 닮은 바네사를 만나 행복한 나날을 보낸다. 하지만 행복은 광고처럼 짧은 법. 말기 암 선고를 받은 웨이드는 비밀 임상실험에 참여하며 재기를 노린다. 극한의 고문으로 이뤄진 실험 후 웨이드는 암을 치료할뿐더러 무한한 재생 능력을 얻으며 불사의 존재가 된다. 하지만 동시에 부작용으로 호러영화에 어울릴 법한 외양을 갖는다. 스스로 슈트까지 지어 입고 데드풀이 된 웨이드는 자신을 고문한 자를 찾아 제대로 복수한 뒤 당당히 바네사 앞에 나서려 한다.",
			"poster_path": "https://image.tmdb.org/t/p/w500/lljWMCR3CZcMv75gII3Q2FsLLN3.jpg",
			"movie_id": 293660
		}
	},
	{
		"model": "movies.movie",
		"pk": 166,
		"fields": {
			"title": "데드풀 2",
			"overview": "암 치료를 위한 비밀 실험에 참여한 후, 강력한 힐링팩터 능력을 지닌 슈퍼히어로 데드풀로 거듭난 웨이드 윌슨은 여자친구 바네사와 더없이 행복한 시간을 보낸다. 그러나 행복도 잠시, 눈 앞에서 소중한 연인을 잃어버리고 삶의 의미를 상실하지만 자기 치유 능력 때문에 죽고 싶어도 죽지를 못한다. 밑바닥까지 내려간 데드풀은 더 나은 사람이 되기로 결심한다. 한편 미래에서 온 케이블은 러셀을 집요하게 쫓는다. 데드풀은 팀 엑스포스를 결성하고, 뭘 해도 운이 따르는 도미노가 엑스포스에 합류하는데...",
			"poster_path": "https://image.tmdb.org/t/p/w500/kDiOsE2FqZC26ScZDGdkkmlhZGJ.jpg",
			"movie_id": 383498
		}
	},
	{
		"model": "movies.movie",
		"pk": 167,
		"fields": {
			"title": "데드풀 2: 순한맛",
			"overview": "암 치료를 위한 비밀 실험에 참여한 후, 강력한 힐링팩터 능력을 지닌 슈퍼히어로 데드풀로 거듭난 웨이드 윌슨(라이언 레놀즈). 운명의 여자친구 바네사(모레나 바카린)와 행복한 미래를 꿈꾸지만 다시 나락으로 떨어지고, 밑바닥까지 내려간 데드풀은 더 나은 사람이 되기로 결심한다. 어느 날, 미래에서 시간 여행이 가능한 용병 케이블(조슈 브롤린)이 찾아 오면서 새로운 사건이 발생하고 데드풀은 생각지도 못한 기상천외 패밀리를 결성하게 되는데...",
			"poster_path": "https://image.tmdb.org/t/p/w500/hhtd8uvgepcoximGWfaXEi5HICG.jpg",
			"movie_id": 567604
		}
	},
	{
		"model": "movies.movie",
		"pk": 168,
		"fields": {
			"title": "300",
			"overview": "BC 480년, 페르시아 국왕 크세르크세스(로드리고 산토로)가 이끄는 대군이 그리스로 진군해온다. 1년 전 복종을 요구하는 페르시아 사자를 우물에 처넣었던 스파르타 국왕 레오니다스(제라드 버틀러)는 그리스 도시국가들과 연합군을 결성하려고 하지만, 신탁은 이를 허락하지 않는다. 그러나 레오니다스는 전쟁에 반대하는 의회에 등을 돌리고 300명의 정예부대와 테르모필레 협곡으로 향한다. 대를 이을 아들이 있는 자만 선발한 레오니다스는 자신이 다시는 왕비 고르고(레나 헤디) 곁으로 돌아오지 못하리라는 사실을 알고 있다.",
			"poster_path": "https://image.tmdb.org/t/p/w500/rmJE35EYnJZIp8ObAK3lkiwwjfi.jpg",
			"movie_id": 1271
		}
	},
	{
		"model": "movies.movie",
		"pk": 169,
		"fields": {
			"title": "300: 제국의 부활",
			"overview": "BC 480년, 페르시아의 크세르크세스 황제는 100만 대군으로 그리스를 향해 진군하고, 육지에선 스파르타의 왕 레오니다스가 이끄는 300명의 전사들이 싸우고 있었지만, 페르시아와 맞서 싸운 건 스파르타뿐만이 아니었다. 스파르타를 제외한 그리스 연합군은 바다에서 페르시아 함대와 대치하고 있었다. 그리스의 테미스토클레스 장군(설리번 스태플턴)은 페르시아에 항복하는 대신 잔인하기로 악명 높은 아르테미시아(에바 그린)의 함대와 맞서 싸우기로 결심한다. 페르시아 전쟁의 중요한 분기점이었던 살라미스 해전이 이제 막 시작되려는 것이다.",
			"poster_path": "https://image.tmdb.org/t/p/w500/2uAnUiojEfcAaPdQe6frKMqBOtM.jpg",
			"movie_id": 53182
		}
	},
	{
		"model": "movies.movie",
		"pk": 170,
		"fields": {
			"title": "그레이의 50가지 그림자",
			"overview": "순수한 사회 초년생인 여대생 ‘아나스타샤’는 어느 날, 아픈 친구를 대신해 모든 것을 다 가진 매력적인 CEO ‘크리스찬 그레이’의 인터뷰를 맡게 된다. 단숨에 사람을 매료시키는 ‘크리스찬 그레이’의 마력에 ‘아나스타샤’는 순식간에 빠져들고, 그 역시 순수한 아나스타샤를 점점 더 알고 싶어지게 된다.  내 취향은 아주 분명해.  한편, 원하는 것을 모두 들어줄 만큼 완벽한 ‘그레이’의 숨겨진 비밀을 알게 된 ‘아나스타샤’는 거부할 수 없는 본능에 눈을 뜨게 되는데…",
			"poster_path": "https://image.tmdb.org/t/p/w500/iQaLakvYBzpmdHUB2h6h2aVY5nE.jpg",
			"movie_id": 216015
		}
	},
	{
		"model": "movies.movie",
		"pk": 171,
		"fields": {
			"title": "50가지 그림자: 해방",
			"overview": "모든 과거를 잊고 서로에게 더 깊게 빠져든 ‘크리스찬 그레이’와 ‘아나스타샤’.  그레이의 독특한 취향으로 시작된 이 비밀스러운 관계는  더 큰 자극을 원하는 아나스타샤로 인해 역전되고,  마침내 그녀의 본능이 지배하는 마지막 절정의 순간을 맞이하게 되는데…",
			"poster_path": "https://image.tmdb.org/t/p/w500/kdN58uXDV5D0RWdMjdO9jtdFjxg.jpg",
			"movie_id": 337167
		}
	},
	{
		"model": "movies.movie",
		"pk": 172,
		"fields": {
			"title": "아메리칸 사이코",
			"overview": "패트릭 베이만(크리스찬 베일)은 완벽한 몸매에 온 몸을 최고급으로 치장하고 한 치의 오차도 허용하지 않는 하버드 MBA출신의 금융 합병사 P&P의 최고 경영자이다. 패트릭의 식사 파트너는 언제나 월스트리트의 동료들이나 금발 미녀들이다. 그러나 패트릭은 식사 후 자식이 좋아하는 음악을 들으며 그들을 토막내는 잔인한 살인마다. 완벽한 살인을 위해 킬러 룩(Killer Look)을 입고 살인을 즐기는데...",
			"poster_path": "https://image.tmdb.org/t/p/w500/ix9Q7d4IQ329yhsBo7lZ9n9EgIb.jpg",
			"movie_id": 1359
		}
	},
	{
		"model": "movies.movie",
		"pk": 173,
		"fields": {
			"title": "50가지 그림자: 심연",
			"overview": "크리스찬 그레이는 아나스타샤 스틸을 잊지 못해 되찾으려고 하지만 아나스타샤는 지금까지와 다른 새로운 관계를 원한다. 과거의 상처를 고백하며 점점 변해가는 크리스찬의 모습에 아나스타샤는 결국 그를 받아들이고, 둘은 서로에게 더욱 깊이 빠져들며 뜨거운 사랑을 나눈다. 그러나 그의 숨겨진 과거와 비밀을 아는 사람들이 아나스타샤를 위협하기 시작하면서 그들의 관계는 위태로워지는데...",
			"poster_path": "https://image.tmdb.org/t/p/w500/stwVY9rRcA3NSKW04IOD30ZsrZx.jpg",
			"movie_id": 341174
		}
	},
	{
		"model": "movies.movie",
		"pk": 174,
		"fields": {
			"title": "메리 포핀스 리턴즈",
			"overview": "체리트리 가 17번지에 살고 있는 마이클과 세 아이들은 아내와 엄마를 잃고, 집까지 빼앗길 위기에 처해 슬픔에 잠긴다. 어느 날, 바람의 방향이 바뀌고 마이클의 가족에게 다시 돌아온 메리 포핀스는 사랑스러운 마법으로 가득 찬 황홀한 경험을 선사하는데…",
			"poster_path": "https://image.tmdb.org/t/p/w500/7HHbN75cFEqDTIKN6W1yx7xHMTa.jpg",
			"movie_id": 400650
		}
	},
	{
		"model": "movies.movie",
		"pk": 175,
		"fields": {
			"title": "위플래쉬",
			"overview": "최고의 드러머가 되기 위해서라면 무엇이든 할 각오가 되어있는 음악대학 신입생 앤드류는 아무도 없는 지하실에서 혼자 드럼을 연습하던 중 우연한 기회로 누구든지 성공으로 이끄는 최고의 실력자이지만, 또한 동시에 최악의 폭군인 플렛처 교수에게 발탁되어 그의 밴드에 들어가게 된다. 설레는 마음으로 참가한 첫 연습에서, 그는 플렛처 교수의 진짜 얼굴을 마주치게 된다. 폭언과 학대 속에 좌절과 성취를 동시에 안겨주는 플렛처의 지독한 교육방식은 천재가 되길 갈망하는 앤드류의 집착을 끌어내며 그를 점점 광기로 몰아넣는데...",
			"poster_path": "https://image.tmdb.org/t/p/w500/fz6osxiG7BWqnLoNgAlekpgSthf.jpg",
			"movie_id": 244786
		}
	},
	{
		"model": "movies.movie",
		"pk": 176,
		"fields": {
			"title": "보스 베이비",
			"overview": "어느 날 굴러들어온 아기 동생에게 엄빠의 사랑을 모두 빼앗겨 버린 ‘팀’  평소엔 앙증맞은 베이비, 알고 보니 ‘베이비 주식회사’의 카리스마 보스  ‘보스 베이비’는 비밀 임무를 수행하기 위해 파견근무 중!  팀은 엄빠의 사랑을 되찾기 위해  보스 베이비는 라이벌 ‘퍼피 주식회사’를 무찌르기 위해  원치 않는 공조를 시작한다  7살 빅 브라더 vs 7개월 베이비 브라더  그들의 살벌한 팀플이 시작된다!",
			"poster_path": "https://image.tmdb.org/t/p/w500/oh9s6RxoeX1Tr4wL1gQFbeH5X1r.jpg",
			"movie_id": 295693
		}
	},
	{
		"model": "movies.movie",
		"pk": 177,
		"fields": {
			"title": "보스 베이비 2",
			"overview": "",
			"poster_path": "https://image.tmdb.org/t/p/w500/5dExO5G2iaaTxYnLIFKLWofDzyI.jpg",
			"movie_id": 459151
		}
	},
	{
		"model": "movies.movie",
		"pk": 178,
		"fields": {
			"title": "데스노트 : 라스트 네임",
			"overview": "우연히 데스노트를 얻어 키라라는 이름으로 이상세계를 건설하려는 천재 야가미 라이토(후지와라 타츠야)와 미궁에 빠진 키라사건을 담당하게 된 또 다른 천재 L(마츠야마 켄이치). 드디어 대면하게 된 두 천재는 서로의 본심을 숨긴 채 한 사람은 상대방을 죽이기 위해 또 한 사람은 상대방의 정체를 밝혀내기 위해 본격적인 두뇌싸움을 시작한다. 이들의 치열한 공방이 계속되는 가운데, 지상으로 또 한 권의 데스노트가 떨어지고 이 노트를 줍게 된 미사(토다 에리카)는 제2의 키라를 자처한다. 데스노트의 룰에 따라 그녀의 주위를 맴돌게 된 또 다른 사신 렘과의 거래로 미사는 최강의 무기 사신의 눈을 가지게 되고 두 권의 노트로 인해 천재들의 대결은 더욱 끝을 알 수 없는 종국을 향해 치달아 가는 데..",
			"poster_path": "https://image.tmdb.org/t/p/w500/kOc1HrBAmBWjY0OgVGdrTMDyciu.jpg",
			"movie_id": 16140
		}
	},
	{
		"model": "movies.movie",
		"pk": 179,
		"fields": {
			"title": "데스노트: 더 뉴 월드",
			"overview": "‘키라’와 ‘L’의 죽음 10년 후, 지구 곳곳에서는 이유를 알 수 없는 죽음이 번져가기 시작한다.  사라진 ‘데스노트’와 연관이 있음을 직감한 일본 경시청은 데스노트 특별수사 대책 본부를 세우고,  데스노트를 이용한 범죄와의 전면전을 선포한다.  그러던 중 일본 도쿄 한복판에서 많은 사람들이 동시다발적으로 사망하는 사건이 발생한다.  그와 동시에 의문의 해커로부터 자신이 키라라는 바이러스 메시지가 퍼지면서,  여섯 권의 데스노트가 다시 나타났음을 알게 된다.  여섯 권의 데스노트를 모두 손에 넣어 세상을 지배하려는 의문의 해커 ‘시엔’을 막기 위해  천재적인 추리력을 지닌 ‘류자키’와 데스노트 특별수사팀 팀장 ‘미시마’가 수사에 박차를 가하게 되면서  이들은 피할 수 없는 대결을 하게 되는데...  여섯 권의 데스노트 차지할 것인가, 빼앗길 것인가! 전쟁은 다시 시작됐다!",
			"poster_path": "https://image.tmdb.org/t/p/w500/8rALtr1UgAcS1zvKCdFPoXUA0j2.jpg",
			"movie_id": 382272
		}
	},
	{
		"model": "movies.movie",
		"pk": 180,
		"fields": {
			"title": "데스노트 L: 새로운 시작",
			"overview": "L, 최후 23일간... | 이번엔 새로운 사신과의 대결이다!  L이 자신의 이름을 데스노트에 적기 시작한 시점에서 죽음을 맞이하기까지 사이의 23일을 다룰 속편.  정의의 이름으로 데스노트를 건 마지막 결전을 앞둔 천재 명탐정 L(마츠야마 켄이치)에게 거대한 사건이 주어진다. 정체를 알 수 없는 누군가가 실현시키려는 ‘전인류 말살프로젝트’라는 엄청난 계획을 막아야 하는 것. 이 또 다른 사신(死神)의 목적은 악으로 찌든 현 인류를 모두 제거하고 새로운 인류를 형성, 이상적인 신세계를 만드는 것이다. 키라 라이토(후지와라 타츠야)와의 대결까지 남은 시간은 23일. 그러나 이번엔 전인류의 운명이 걸렸다. 오직 L만이 세상을 구할 수 있다!",
			"poster_path": "https://image.tmdb.org/t/p/w500/1EAePjk59HV3sDkNVLDvPoCkttQ.jpg",
			"movie_id": 20329
		}
	},
	{
		"model": "movies.movie",
		"pk": 181,
		"fields": {
			"title": "매트릭스 3: 레볼루션",
			"overview": "진실을 찾는 여정에 한 걸음 더 접근하게 된 네오. 그러나 그 와중에 능력을 소진하고 매트릭스와 현실세계의 중간계를 떠돌게 된다. 한편 기계들이 인간말살을 목적으로 인류 최후의 보루 시온으로 침공해오자 인간들은 인류의 미래를 지키기 위해 필사적인 전투를 벌인다. 그러나 베인의 몸 속에 침투한 에이전트 스미스가 본 모습을 드러내면서 네오에게는 예기치 못한 변수가 생긴다. 매 순간 세력이 커져가면서 기계들의 통제권까지 벗어난 스미스는 현실 세계와 매트릭스는 물론 기계도시까지 말살할 야욕을 불태우고, 오라클은 네오에게 마지막 조언을 건네는데...",
			"poster_path": "https://image.tmdb.org/t/p/w500/wLS7CaUNyz4hVwCxj7mXhX66A7r.jpg",
			"movie_id": 605
		}
	},
	{
		"model": "movies.movie",
		"pk": 182,
		"fields": {
			"title": "매트릭스 2: 리로디드",
			"overview": "시온이 컴퓨터 군단에게 장악될 위기에 처하면서, 네오는 자신의 능력에 대한 더 큰 통제력을 갖게 된다. 이제 몇 시간 후면 지구상에 남은 인류 최후의 보루인 시온이 인간 말살을 목적으로 프로그래밍 된 센티넬 무리에 의해 짓밟히게 될 터. 그러나 시온의 시민들은 오라클의 예언이 이루어져 전쟁이 끝날 것이라는 모피어스의 신념에 용기를 얻고, 네오에게 모든 희망과 기대를 걸어보기로 한다. 서로에 대한 사랑의 힘으로, 스스로에 대한 믿음으로 용기를 얻은 네오와 트리니티는 모피어스와 함께 인간을 억압하고 착취하는 시스템에 맞서기 위해 매트릭스로 돌아간다.",
			"poster_path": "https://image.tmdb.org/t/p/w500/5RsZJfcXUndClV1vaI68V2shJOs.jpg",
			"movie_id": 604
		}
	},
	{
		"model": "movies.movie",
		"pk": 183,
		"fields": {
			"title": "매트릭스",
			"overview": "인간의 기억마저 AI에 의해 입력되고 삭제되는 세상, 진짜보다 더 진짜 같은 가상 현실 매트릭스. 그 속에서 진정한 현실을 인식할 수 없게 재배되는 인간들. 그 매트릭스를 빠져 나오면서 AI에게 가장 위험한 인물이 된 모피어스는 몇 안 되는 동료들과 함께 기계와의 전쟁 전후의의 폐허를 떠돌며 인류를 구할 마지막 영웅을 찾아 헤맨다. 마침내 모피어스는 낮에는 평범한 회사원 앤더슨으로, 밤에는 해커로 활동하는 청년 네오를 그로 지목한다. 모피어스의 지시대로 그를 만나게 된 네오는 두개의 알약 중 하나를 고르는 선택을 하게 되는데...",
			"poster_path": "https://image.tmdb.org/t/p/w500/yI9r0iz2XvlevxUzxvdoQmv3yce.jpg",
			"movie_id": 603
		}
	},
	{
		"model": "movies.movie",
		"pk": 184,
		"fields": {
			"title": "굿 윌 헌팅",
			"overview": "수학, 법학, 역사학 등 모든 분야에 재능이 있는 윌(맷 데이먼)은 천재적인 두뇌를 가지고 있지만 어린 시절 받은 상처로 인해 세상에 마음을 열지 못하고 절친인 처키(벤 애플렉)와어울려 다니는 불우한 반항아이다. 대학을 청소하면서 벽에서 우연히 접한 수학 문제를 간단히 풀어버린 일을 그 대학 교수 램보가 발견하고 윌에게 관심을 갖지만 윌은 냉대한다. 어느 날 보호관찰 대상인 윌은 폭행죄로 수감되고, 램보 교수는 자신이 감독하겠다는 조건으로 윌을 석방시킨 다음 대학 동기인 심리학 교수 숀(로빈 윌리엄스)에게 그를 부탁한다. 거칠기만 하던 윌은 숀과 함께 시간을 보낼수록 상처를 위로 받으며 조금씩 변화하기 시작하는데...",
			"poster_path": "https://image.tmdb.org/t/p/w500/iHRY9YuBOyga9MHi59pt6KRGXcB.jpg",
			"movie_id": 489
		}
	},
	{
		"model": "movies.movie",
		"pk": 185,
		"fields": {
			"title": "빈",
			"overview": "영국 왕립 미술관(Royal National Gallery, London) 최악의 직원 빈(Mr. Bean: 로완 아킨슨 분)이 하는 일이란 기껏 한쪽 구석에 앉아 졸거나 빈둥돼는 것이 전부다. 하지만 모두가 꺼려하는 빈을 유독 왕립 미술관 회장만이 전폭적으로 지지하고 있다. 언제나 그렇듯 왕립 미술관 이사회의 가장 중요한 안건은 천하의 사고뭉치 빈을 쫓아내는 것.  그러던 어느날, 빈을 사라지게 할 호재가 생겼다. 미국 최고의 걸작 '휘슬러의 어머니'의 본국 송환에 앞서 그리어슨 미술관(Grierson Art Gallery, Los Angeles)은 대대적인 기념 행사를 계획한다. 그 일환으로 영국 왕립 미술관에 저명한 박사를 초청한 것이다. 이사회는 빈을 대신 보내기로 결정하고, 빈은 열렬한 환성을 받으며 미국으로 향한다. 하지만 빈은 처음 도착한 공항에서부터 불법 총기 소지자로 오인받아 공항을 아수라장으로 만든다. 이제 그가 지나는 곳은 모두가 혼돈과 무질서의 세계로 뒤덮히기 시작한다.  한편, 영문도 모르는 채 빈을 최고의 미술학자로 오인한 그리어슨 미술관측은 소수의 관계자들만이 모인 자리에서 '휘슬러의 어머니'를 최초로 공개한다. 모두가 잠시 자리를 뜬 사이, 빈과 '휘슬러의 어머니'의 너무도 끔찍한 악연이 시작되는데.",
			"poster_path": "https://image.tmdb.org/t/p/w500/IwrDPrB4d2DMcpnGkvan46yINL.jpg",
			"movie_id": 1281
		}
	},
	{
		"model": "movies.movie",
		"pk": 186,
		"fields": {
			"title": "소셜 네트워크",
			"overview": "2003년 가을, 하버드대의 컴퓨터 천재 마크는 비밀 엘리트 클럽의 윈클보스 형제에게 하버드 선남선녀들만 교류할 수 있는 하버드 커넥션 사이트 제작을 의뢰 받는다. 하지만 여기서 획기적인 아이디어를 생각해낸 마크는 인맥 교류 사이트 페이스북을 개발, 절친 왈도의 도움으로 사이트를 오픈한다. 페이스북은 순식간에 모두의 마음을 사로잡고, 유명한 냅스터의 창시자 숀의 참여로 전세계로 번지면서 마크는 기업가치 58조원, 전세계 최연소 억만장자가 된다. 하지만 그 순간 윈클보스 형제는 물론 왈도마저 전대미문의 소송을 제기하는데...",
			"poster_path": "https://image.tmdb.org/t/p/w500/hgaAWIIOPlnrd9nLc1SB7rTc8CT.jpg",
			"movie_id": 37799
		}
	},
	{
		"model": "movies.movie",
		"pk": 187,
		"fields": {
			"title": "사랑에 대한 모든 것",
			"overview": "촉망받는 물리학도 스티븐 호킹은 신년파티에서 매력적이고 당찬 여인 제인 와일드와 마주친다. 이미 정해진 운명이었던 것처럼 두 사람은 첫 만남에 서로에게 빠져든다. 물리학도와 인문학도, 천재적이지만 괴짜 같은 남자와 다정하지만 강인한 여자, 두 사람은 완벽한 커플로 사랑을 키워나간다. 하지만 영원히 행복할 것 같았던 두 사람 앞에 모든 것을 바꿀 사건이 일어난다. 시한부 인생, 2년. 스티븐은 점점 신발 끈을 묶는 게 어려워 지고, 발음은 흐릿해지고, 지팡이 없이는 걷는 것 조차 힘들어져 갔다. 과학자로서의 미래와 영원할 것 같은 사랑, 모든 것이 불가능한 일이 되어 버렸다. 희망조차 사라진 순간 스티븐은 모든 것을 포기하려 하지만 제인은 그를 향한 믿음과 변함없는 마음을 보여주고 그의 곁에서 그의 삶을 일으킨다. 삶의 모든 것을 바꾼 기적 같은 사랑 이야기가 지금 시작된다.",
			"poster_path": "https://image.tmdb.org/t/p/w500/cgjWXNW6hJbmyIo5tsn5MqSduk9.jpg",
			"movie_id": 266856
		}
	},
	{
		"model": "movies.movie",
		"pk": 188,
		"fields": {
			"title": "드래곤 길들이기 2",
			"overview": "바이킹과 드래곤이 친구가 되어 평화롭게 살아가는 버크섬.  청년이 된 히컵은 아버지 스토이크의 바람과는 달리  족장이 되는 것 보다 버크섬 밖의 더 넓은 세상을 보고 싶어한다.  그러던 어느 날, 신비로운 얼음대륙을 탐험하던 히컵과 투슬리스는\r 드래곤 사냥꾼들이 쳐놓은 덫에 걸리고,  드래곤들을 위협하는 강력한 어둠의 존재에 대해 알게 된다.  히컵과 투슬리스는 드래곤들의 평화를 위해  의문의 드래곤 군단과 맞서기로 결심하는데…",
			"poster_path": "https://image.tmdb.org/t/p/w500/kSP4QmHMLnbySksUb2O9sGkoEQM.jpg",
			"movie_id": 82702
		}
	},
	{
		"model": "movies.movie",
		"pk": 189,
		"fields": {
			"title": "드래곤 길들이기 3",
			"overview": "영원한 친구 히컵과 투슬리스의 활약으로 사람과 드래곤이 공존하며 평화롭게 살아가는 버크섬. 새로운 드래곤 ‘라이트 퓨어리’를 쫓아간 투슬리스를 찾다가 히컵은 누구도 찾지 못했던 드래곤의 파라다이스 ‘히든월드’를 우연히 발견하게 된다. 하지만 평화도 잠시, 역대 최악의 드래곤 헌터 그리멜의 등장으로 드래곤들의 안전과 버크섬의 평화까지 위협받기 시작하는데…",
			"poster_path": "https://image.tmdb.org/t/p/w500/5a6tpKl7SVBkkOZEKlwgUsDwn3b.jpg",
			"movie_id": 166428
		}
	},
	{
		"model": "movies.movie",
		"pk": 190,
		"fields": {
			"title": "드래곤 길들이기",
			"overview": "바이킹의 세계, 절대 친구가 될 수 없는 둘이 만났다?  용맹한 바이킹과 사나운 드래곤들의 싸움이 끊이지 않는 버크섬.  바이킹 족장의 아들 ‘히컵’은 드래곤 사냥에 소질 없는 마을의 사고뭉치. 어느날 그는 부상 당한 드래곤 ‘투슬리스’를 구하게 되고, 아무도 몰래 그를 돌본다. 서로를 알아가며, 드래곤들의 친구가 된 ‘히컵’. 그들과의 새로운 생활을 만끽하던 ‘히컵’은 드래곤들의 위험한 비밀을 알게 되는데…  불멸의 드래곤과 바이킹족 이단아의 만남!  2010년 5월, 그들의 스펙터클한 모험이 시작된다!",
			"poster_path": "https://image.tmdb.org/t/p/w500/5JtTkNwOeztwfCPv965e9bZi6G3.jpg",
			"movie_id": 10191
		}
	},
	{
		"model": "movies.movie",
		"pk": 191,
		"fields": {
			"title": "노인을 위한 나라는 없다",
			"overview": "사막 한 가운데서 사냥을 즐기던 모스는 총격전이 벌어진 듯 출혈이 낭자한 사건 현장을 발견한다. 모스는 물 한 모금을 갈구하는 단 한명의 생존자를 외면한 채 떠나다가 우연히 200만 달러가 들어있는 가방을 발견한다. 횡재를 했지만 물을 달라는 요구를 거절한 게 내심 꺼림칙했던 모스는 새벽녘에 현장을 다시 방문하게 되고, 때마침 마주친 경찰에게 쫓기는 신세가 되고 만다. 여기에 200만 달러가 든 가방을 찾는 살인마 안톤 시거와 보안관 벨이 끼어들면서 이야기는 혼돈과 폭력의 결말로 치달아 간다.",
			"poster_path": "https://image.tmdb.org/t/p/w500/2SU078qZf8ZTNfl6XlqgYiQohhG.jpg",
			"movie_id": 6977
		}
	},
	{
		"model": "movies.movie",
		"pk": 192,
		"fields": {
			"title": "이미테이션 게임",
			"overview": "매 순간 3명이 죽는 사상 최악의 위기에 처한 제 2차 세계대전. 절대 해독이 불가능한 암호 에니그마로 인해 연합군은 속수무책으로 당하게 된다. 결국 각 분야의 수재들을 모아 기밀 프로젝트 암호 해독팀을 가동한다. 천재 수학자 앨런 튜링은 암호 해독을 위한 특별한 기계를 발명하지만  24시간 마다 바뀌는 완벽한 암호 체계 때문에 번번히 좌절하고 마는데... 과연, 앨런 튜링과 암호 해독팀은 암호를 풀고 전쟁의 승리를 끌어낼 수 있을까…?",
			"poster_path": "https://image.tmdb.org/t/p/w500/wT4cHJMqWqWxY4GXDXgD10lMQWy.jpg",
			"movie_id": 205596
		}
	},
	{
		"model": "movies.movie",
		"pk": 193,
		"fields": {
			"title": "트레인스포팅",
			"overview": "스코틀랜드 에딘버러의 뒷골목에 살고 있는 렌튼, 스퍼드, 벡비, 식보이, 토미는 아무런 희망 없이 하루하루를 살아간다. 이들에게 있어 유일한 즐거움은 마약을 하는 것이다. 이들은 마약을 사기 위해 강도 행각을 벌이고, 아기가 마약을 먹고 죽는 상황까지 벌어지게 된다. 그 후 백화점을 털던 스퍼드는 실형을 선고 받고, 렌튼은 끔찍한 과정을 거쳐 마약을 끊고 취직을 한다. 건실하던 토미는 에이즈로 죽고, 벡비는 장물아비로, 식보이는 포주 노릇을 한다. 하지만 이것도 잠시, 이들은 다시 모여 마약을 팔아 큰 돈을 챙기고, 렌튼은 친구들이 잠든 사이에 돈가방을 들고 혼자 달아나는 사건이 벌어지는데...",
			"poster_path": "https://image.tmdb.org/t/p/w500/6UTzw3kipgTYAJCX8GExoXzcVOx.jpg",
			"movie_id": 627
		}
	},
	{
		"model": "movies.movie",
		"pk": 194,
		"fields": {
			"title": "T2: 트레인스포팅 2",
			"overview": "기회 뒤에는 배신이 있었다. 20년이 흘러 고향으로 돌아온 마크. 옛 친구들 스퍼드, 식보이, 벅비가 마크를 기다린다.",
			"poster_path": "https://image.tmdb.org/t/p/w500/nmTgtQQjRzAB0mue57Rrxe8y5vv.jpg",
			"movie_id": 180863
		}
	},
	{
		"model": "movies.movie",
		"pk": 195,
		"fields": {
			"title": "히든 피겨스",
			"overview": "천부적인 수학 능력을 가진 캐서린 존슨, NASA 흑인 여성들의 리더이자 프로그래머 도로시 본 , 흑인 여성 최초의 NASA 엔지니어를 꿈 꾸는 메리 잭슨. 미국과 러시아의 치열한 우주 개발 경쟁이 벌어지고 있던  시절, 천부적인 두뇌와 재능을 가진 그녀들이 NASA 최초의 우주궤도 비행 프로젝트에 선발된다. 하지만 유색인종 전용 화장실을 사용해야 하고, 중요한 회의에 참석할 수 없으며, 공용 커피 포트조차 용납되지 않는 따가운 시선에 점점 지쳐 간다. 한편 프로젝트는 난항을 겪게 되고, 해결 방법은 비전을 제시할 수 있는 새로운 수학 공식을 찾아내는 것뿐인데...",
			"poster_path": "https://image.tmdb.org/t/p/w500/wZPcpIyZx43nXEgrc9NvQUyoxtr.jpg",
			"movie_id": 381284
		}
	},
	{
		"model": "movies.movie",
		"pk": 196,
		"fields": {
			"title": "닥터 스트레인지: 인 더 멀티버스 오브 매드니스",
			"overview": "",
			"poster_path": "https://image.tmdb.org/t/p/w500/kTMYjS6EkrTwugLtUYONIRX7UiL.jpg",
			"movie_id": 453395
		}
	},
	{
		"model": "movies.movie",
		"pk": 197,
		"fields": {
			"title": "닥터 스트레인지",
			"overview": "오만함과 실력 모두 최고인 신경외과 의사 닥터 스티븐 스트레인지는 운전 중에 핸드폰을 한 대가로 두 손의 신경이 끊어지는 심각한 부상을 입고 큰 상심에 빠진다. 게다가 모난 말들로 사랑하는 여인 크리스틴 팔머마저 그의 곁을 떠나게 만든다. 그는 치료를 위해 히말라야의 영적 지도자, 에인션트 원을 만나 마지막 희망을 걸고 수련을 시작한다. 스트레인지는 빠르게 마법을 터득해 나가는 동시에 세계의 작동원리와 우주를 정복하려는 도르마무 일당의 계략을 알게 된다.",
			"poster_path": "https://image.tmdb.org/t/p/w500/uvcPUOu88Wws5ZtCy6mpFA8WztS.jpg",
			"movie_id": 284052
		}
	},
	{
		"model": "movies.movie",
		"pk": 198,
		"fields": {
			"title": "에이리언 3",
			"overview": "리플리와 2명의 생존가 잠들어있는 타임 캡술은 지구로 귀환 중이다. 하지만 이미 에일리언이 침입하게 되어 화재가 나자 리플리를 포함한 생존자들은 구명선에 타고 근처에 있는 광석 제련 설비를 갖춘 Y-염색체 이상범죄자 수용소인 피오리나 161 혹성에 비상 착륙한다. 혹성은 웨이랜드-유타니 노동 교도소 161이라는 범죄자들의 유배지로 사용되는데, 에일리언에 의해 그곳에 살고 있는 개의 몸에서 새끼가 부화된다. 들짐승같이 행동하는 에일리언에 의해 수용인들이 하나 둘 죽어가고, 리플리는 유배되어 있는 25명의 범죄자들과 같이 이 괴물을 잡기로 하는데...",
			"poster_path": "https://image.tmdb.org/t/p/w500/funRHGM1wzyqJQfdSNsxZ7QRTNB.jpg",
			"movie_id": 8077
		}
	},
	{
		"model": "movies.movie",
		"pk": 199,
		"fields": {
			"title": "에이리언 4",
			"overview": "페레즈 장군이 지휘하는 연방군 의학탐사선 아우리가호는 에일리언과의 격전지였던 행성 피오리 16호에서 찾아낸 리플리의 혈액으로부터 DNA 샘플을 채취, 미수정란을 이용한 유전공학으로 리플리를 부활시키고, 이와 함께 복제된 퀸 에일리언의 태아를 리플리의 몸에서 분리해내는 데도 성공을 거둔다. 이들의 목적은 에일리언을 길들여 군견과 같은 용도로 사용하려는 것. 한편 리플리 또한 에일리언과의 유전자 결합으로 본능이 극대화된 뜻하지 않은 결과로 과학자들을 고무시키고, 페레즈 장군은 단지 에일리언을 재생하기 위한 부산물에 불과한 리플리를 두고 갈등한다.",
			"poster_path": "https://image.tmdb.org/t/p/w500/8xv7mKnaks3vk3Y3eIuwMXJU6Og.jpg",
			"movie_id": 8078
		}
	},
	{
		"model": "movies.movie",
		"pk": 200,
		"fields": {
			"title": "나를 찾아줘",
			"overview": "모두가 부러워하는 삶을 살아가는 완벽한 커플인 닉과 에이미. 결혼 5주년 기념일 아침, 에이미가 흔적도 없이 실종된다. 유년시절 어린이 동화 시리즈 어메이징 에이미의 실제 여주인공이었던  유명인사 아내가 사라지자, 세상은 그녀의 실종사건으로 떠들썩해진다. 한편 경찰은 에이미가 결혼기념일 선물로 숨겨뒀던 편지와 함께  곳곳에서 드러나는 단서들로 남편 닉을 유력한 용의자로 지목한다. 미디어들이 살인 용의자 닉의 일거수일투족을 보도하기 시작하고, 시간이 갈수록 세상의 관심이 그에게 더욱 집중되는데...",
			"poster_path": "https://image.tmdb.org/t/p/w500/epEVLlIRErigv6YFkS6YQNFtCtj.jpg",
			"movie_id": 210577
		}
	},
	{
		"model": "movies.movie",
		"pk": 201,
		"fields": {
			"title": "아마데우스",
			"overview": "1823년 눈보라치는 밤, 한 노인이 자살을 시도하다 실패하고 신부에게 자신의 죄를 고백한다. 비엔나 왕실의 궁정음악가 살리에리(F.머레이 아브라함)는 새롭게 떠오르는 천재 작곡가 모짜르트(톰 헐스)의 소문을 듣고 그의 천재성을 확인하려 한다. 모짜르트가 그의 약혼녀를 범하고 오만하고 방탕한 생활을 거듭하자 그러한 모짜르트에게 천재성을 부여한 신을 저주하고 그를 증오하기 시작한다. 한편 빈곤과 병마로 시달리던 모짜르트는 자신이 존경하던 아버지의 죽음에 커다란 충격을 받고 자책감에 시달린다. 살리에르는 이를 이용해 모짜르트가 아버지의 환상에 시달리도록 하면서 진혼곡의 작곡을 부탁하는데...",
			"poster_path": "https://image.tmdb.org/t/p/w500/r7iKeLpYfQNYpyJhCEZDYfjO69D.jpg",
			"movie_id": 279
		}
	},
	{
		"model": "movies.movie",
		"pk": 202,
		"fields": {
			"title": "쇼생크 탈출",
			"overview": "촉망받는 은행 간부 앤디 듀프레인은 아내와 그녀의 정부를 살해했다는 누명을 쓴다. 주변의 증언과 살해 현장의 그럴듯한 증거들로 그는 종신형을 선고받고 악질범들만 수용한다는 지옥같은 교도소 쇼생크로 향한다. 인간 말종 쓰레기들만 모인 그곳에서 그는 이루 말할 수 없는 억압과 짐승보다 못한 취급을 당한다. 그러던 어느 날, 간수의 세금을 면제받게 해 준 덕분에 그는 일약 교도소의 비공식 회계사로 일하게 된다. 그 와중에 교도소 소장은 죄수들을 이리저리 부리면서 검은 돈을 긁어 모으고 앤디는 이 돈을 세탁하여 불려주면서 그의 돈을 관리하는데...",
			"poster_path": "https://image.tmdb.org/t/p/w500/3hO6DIGRBaJQj2NLEYBMwpcz88D.jpg",
			"movie_id": 278
		}
	},
	{
		"model": "movies.comment",
		"pk": 14,
		"fields": {
			"content": "새 댓글",
			"user": 2,
			"movie": 1,
			"created_at": "2021-05-21T08:22:21.752Z",
			"updated_at": "2021-05-21T08:22:21.752Z",
			"username": "오우"
		}
	},
	{
		"model": "movies.comment",
		"pk": 17,
		"fields": {
			"content": "굳",
			"user": 1,
			"movie": 1,
			"created_at": "2021-05-23T08:19:07.784Z",
			"updated_at": "2021-05-23T08:19:07.792Z",
			"username": "admin"
		}
	},
	{
		"model": "movies.comment",
		"pk": 18,
		"fields": {
			"content": "좋아",
			"user": 1,
			"movie": 1,
			"created_at": "2021-05-23T08:21:28.150Z",
			"updated_at": "2021-05-23T08:21:28.150Z",
			"username": "admin"
		}
	},
	{
		"model": "movies.comment",
		"pk": 19,
		"fields": {
			"content": "그럴듯해!1",
			"user": 2,
			"movie": 2,
			"created_at": "2021-05-24T07:46:26.046Z",
			"updated_at": "2021-05-24T07:46:26.048Z",
			"username": "오우"
		}
	},
	{
		"model": "movies.comment",
		"pk": 21,
		"fields": {
			"content": "갓벽!1",
			"user": 3,
			"movie": 1,
			"created_at": "2021-05-24T08:33:56.305Z",
			"updated_at": "2021-05-24T08:33:56.305Z",
			"username": "현구"
		}
	},
	{
		"model": "movies.mbti",
		"pk": 1,
		"fields": {
			"mbti": "ESFP",
			"movie": [
				1,
				2,
				3,
				4,
				5,
				6,
				7,
				8,
				9,
				10,
				11,
				12,
				13,
				14,
				15,
				16,
				17,
				18,
				19,
				20,
				21,
				22,
				23,
				24,
				25,
				26,
				27,
				28,
				29,
				30,
				31,
				32,
				33,
				34,
				35,
				36,
				37,
				38
			]
		}
	},
	{
		"model": "movies.mbti",
		"pk": 2,
		"fields": {
			"mbti": "ISFP",
			"movie": [
				7,
				8,
				9,
				10,
				11,
				12,
				13,
				14,
				15,
				16,
				17,
				18,
				19,
				20,
				22,
				39,
				40,
				41,
				42,
				43,
				44,
				45,
				46,
				47,
				48,
				49,
				50,
				51,
				52,
				53
			]
		}
	},
	{
		"model": "movies.mbti",
		"pk": 3,
		"fields": {
			"mbti": "ESTP",
			"movie": [
				7,
				8,
				9,
				10,
				11,
				12,
				13,
				14,
				15,
				16,
				17,
				18,
				19,
				20,
				21,
				23,
				24,
				25,
				26,
				54,
				55,
				56,
				57,
				58,
				59,
				60,
				61,
				62,
				63,
				64,
				65,
				66,
				67,
				68,
				69,
				70,
				71,
				72,
				73,
				74
			]
		}
	},
	{
		"model": "movies.mbti",
		"pk": 4,
		"fields": {
			"mbti": "ISTP",
			"movie": [
				7,
				8,
				9,
				10,
				11,
				12,
				43,
				69,
				70,
				71,
				75,
				76,
				77,
				78,
				79,
				80,
				81,
				82,
				83,
				84,
				85,
				86,
				87,
				88,
				89,
				90,
				91,
				92,
				93,
				94,
				95,
				96,
				97,
				98,
				99,
				100
			]
		}
	},
	{
		"model": "movies.mbti",
		"pk": 5,
		"fields": {
			"mbti": "ESFJ",
			"movie": [
				13,
				14,
				15,
				16,
				17,
				18,
				19,
				20,
				40,
				41,
				42,
				43,
				44,
				45,
				46,
				47,
				59,
				73,
				101,
				102,
				103,
				104,
				105,
				106,
				107,
				108
			]
		}
	},
	{
		"model": "movies.mbti",
		"pk": 6,
		"fields": {
			"mbti": "ESTJ",
			"movie": [
				13,
				14,
				15,
				16,
				17,
				18,
				19,
				20,
				30,
				31,
				32,
				33,
				34,
				61,
				62,
				63,
				64,
				65,
				66,
				67,
				68,
				93,
				107,
				108,
				109,
				110,
				111,
				112,
				113,
				114
			]
		}
	},
	{
		"model": "movies.mbti",
		"pk": 7,
		"fields": {
			"mbti": "ISFJ",
			"movie": [
				3,
				4,
				13,
				14,
				15,
				16,
				17,
				18,
				19,
				20,
				38,
				59,
				61,
				62,
				63,
				64,
				65,
				66,
				67,
				68,
				87,
				93,
				109,
				110,
				111,
				115,
				116,
				117,
				118,
				119,
				120,
				121,
				122,
				123,
				124,
				125,
				126,
				127,
				128
			]
		}
	},
	{
		"model": "movies.mbti",
		"pk": 8,
		"fields": {
			"mbti": "ISTJ",
			"movie": [
				9,
				13,
				14,
				15,
				16,
				17,
				18,
				19,
				20,
				35,
				36,
				37,
				57,
				58,
				59,
				61,
				62,
				63,
				64,
				65,
				66,
				67,
				68,
				87,
				88,
				89,
				90,
				91,
				100,
				101,
				102,
				103,
				104,
				109,
				110,
				111,
				115,
				116,
				117,
				129,
				130,
				131,
				132,
				133,
				134,
				135,
				136,
				137
			]
		}
	},
	{
		"model": "movies.mbti",
		"pk": 9,
		"fields": {
			"mbti": "ENFJ",
			"movie": [
				9,
				13,
				14,
				15,
				16,
				17,
				18,
				19,
				20,
				69,
				70,
				71,
				74,
				79,
				80,
				81,
				82,
				92,
				93,
				138,
				139,
				140,
				141
			]
		}
	},
	{
		"model": "movies.mbti",
		"pk": 10,
		"fields": {
			"mbti": "INFJ",
			"movie": [
				13,
				14,
				15,
				16,
				17,
				18,
				19,
				20,
				38,
				48,
				49,
				50,
				51,
				54,
				55,
				56,
				69,
				70,
				71,
				79,
				80,
				81,
				82,
				92,
				142,
				143,
				144,
				145,
				146,
				147,
				148,
				149,
				150
			]
		}
	},
	{
		"model": "movies.mbti",
		"pk": 11,
		"fields": {
			"mbti": "ENFP",
			"movie": [
				21,
				40,
				41,
				42,
				92,
				105,
				109,
				110,
				111,
				126,
				141,
				151,
				152,
				153,
				154,
				155,
				156
			]
		}
	},
	{
		"model": "movies.mbti",
		"pk": 12,
		"fields": {
			"mbti": "INFP",
			"movie": [
				3,
				7,
				8,
				9,
				10,
				11,
				12,
				13,
				14,
				15,
				16,
				17,
				18,
				19,
				20,
				40,
				41,
				42,
				76,
				78,
				109,
				110,
				111,
				114,
				145,
				146,
				150,
				157
			]
		}
	},
	{
		"model": "movies.mbti",
		"pk": 13,
		"fields": {
			"mbti": "ENTP",
			"movie": [
				13,
				14,
				15,
				16,
				17,
				18,
				19,
				20,
				30,
				31,
				32,
				33,
				34,
				59,
				107,
				108,
				115,
				116,
				117,
				140,
				158,
				159,
				160,
				161,
				162,
				163,
				164,
				165,
				166,
				167
			]
		}
	},
	{
		"model": "movies.mbti",
		"pk": 14,
		"fields": {
			"mbti": "ENTJ",
			"movie": [
				3,
				40,
				41,
				42,
				76,
				78,
				86,
				101,
				102,
				103,
				104,
				136,
				168,
				169,
				170,
				171,
				172,
				173,
				174,
				175,
				176,
				177,
				178,
				179,
				180
			]
		}
	},
	{
		"model": "movies.mbti",
		"pk": 15,
		"fields": {
			"mbti": "INTP",
			"movie": [
				1,
				2,
				54,
				55,
				56,
				61,
				62,
				63,
				64,
				65,
				66,
				67,
				68,
				137,
				181,
				182,
				183,
				184,
				185,
				186,
				187,
				188,
				189,
				190,
				191,
				192,
				193,
				194,
				195
			]
		}
	},
	{
		"model": "movies.mbti",
		"pk": 16,
		"fields": {
			"mbti": "INTJ",
			"movie": [
				7,
				8,
				9,
				21,
				59,
				69,
				70,
				71,
				78,
				79,
				80,
				81,
				82,
				105,
				127,
				196,
				197,
				198,
				199,
				200,
				201,
				202
			]
		}
	},
	{
		"model": "admin.logentry",
		"pk": 1,
		"fields": {
			"action_time": "2021-05-20T05:03:49.928Z",
			"user": 1,
			"content_type": 3,
			"object_id": "1",
			"object_repr": "ESFP",
			"action_flag": 1,
			"change_message": "[{\"added\": {}}]"
		}
	},
	{
		"model": "admin.logentry",
		"pk": 2,
		"fields": {
			"action_time": "2021-05-20T05:13:28.833Z",
			"user": 1,
			"content_type": 3,
			"object_id": "2",
			"object_repr": "ISFP",
			"action_flag": 1,
			"change_message": "[{\"added\": {}}]"
		}
	},
	{
		"model": "admin.logentry",
		"pk": 3,
		"fields": {
			"action_time": "2021-05-20T05:20:35.461Z",
			"user": 1,
			"content_type": 3,
			"object_id": "3",
			"object_repr": "ESTP",
			"action_flag": 1,
			"change_message": "[{\"added\": {}}]"
		}
	},
	{
		"model": "admin.logentry",
		"pk": 4,
		"fields": {
			"action_time": "2021-05-20T05:27:23.853Z",
			"user": 1,
			"content_type": 3,
			"object_id": "4",
			"object_repr": "ISTP",
			"action_flag": 1,
			"change_message": "[{\"added\": {}}]"
		}
	},
	{
		"model": "admin.logentry",
		"pk": 5,
		"fields": {
			"action_time": "2021-05-20T05:27:53.590Z",
			"user": 1,
			"content_type": 3,
			"object_id": "4",
			"object_repr": "ISTP",
			"action_flag": 2,
			"change_message": "[{\"changed\": {\"fields\": [\"Movie\"]}}]"
		}
	},
	{
		"model": "admin.logentry",
		"pk": 6,
		"fields": {
			"action_time": "2021-05-20T05:33:28.632Z",
			"user": 1,
			"content_type": 3,
			"object_id": "5",
			"object_repr": "ESFJ",
			"action_flag": 1,
			"change_message": "[{\"added\": {}}]"
		}
	},
	{
		"model": "admin.logentry",
		"pk": 7,
		"fields": {
			"action_time": "2021-05-20T05:38:18.012Z",
			"user": 1,
			"content_type": 3,
			"object_id": "6",
			"object_repr": "ESTJ",
			"action_flag": 1,
			"change_message": "[{\"added\": {}}]"
		}
	},
	{
		"model": "admin.logentry",
		"pk": 8,
		"fields": {
			"action_time": "2021-05-20T05:42:09.748Z",
			"user": 1,
			"content_type": 3,
			"object_id": "7",
			"object_repr": "ISFJ",
			"action_flag": 1,
			"change_message": "[{\"added\": {}}]"
		}
	},
	{
		"model": "admin.logentry",
		"pk": 9,
		"fields": {
			"action_time": "2021-05-20T05:47:20.191Z",
			"user": 1,
			"content_type": 3,
			"object_id": "8",
			"object_repr": "ISTJ",
			"action_flag": 1,
			"change_message": "[{\"added\": {}}]"
		}
	},
	{
		"model": "admin.logentry",
		"pk": 10,
		"fields": {
			"action_time": "2021-05-20T05:48:30.882Z",
			"user": 1,
			"content_type": 3,
			"object_id": "8",
			"object_repr": "ISTJ",
			"action_flag": 2,
			"change_message": "[{\"changed\": {\"fields\": [\"Movie\"]}}]"
		}
	},
	{
		"model": "admin.logentry",
		"pk": 11,
		"fields": {
			"action_time": "2021-05-20T06:11:37.089Z",
			"user": 1,
			"content_type": 3,
			"object_id": "9",
			"object_repr": "ENFJ",
			"action_flag": 1,
			"change_message": "[{\"added\": {}}]"
		}
	},
	{
		"model": "admin.logentry",
		"pk": 12,
		"fields": {
			"action_time": "2021-05-20T06:15:02.835Z",
			"user": 1,
			"content_type": 3,
			"object_id": "10",
			"object_repr": "INFJ",
			"action_flag": 1,
			"change_message": "[{\"added\": {}}]"
		}
	},
	{
		"model": "admin.logentry",
		"pk": 13,
		"fields": {
			"action_time": "2021-05-20T06:18:36.202Z",
			"user": 1,
			"content_type": 3,
			"object_id": "11",
			"object_repr": "ENFP",
			"action_flag": 1,
			"change_message": "[{\"added\": {}}]"
		}
	},
	{
		"model": "admin.logentry",
		"pk": 14,
		"fields": {
			"action_time": "2021-05-20T06:21:21.234Z",
			"user": 1,
			"content_type": 3,
			"object_id": "12",
			"object_repr": "INFP",
			"action_flag": 1,
			"change_message": "[{\"added\": {}}]"
		}
	},
	{
		"model": "admin.logentry",
		"pk": 15,
		"fields": {
			"action_time": "2021-05-20T06:24:34.372Z",
			"user": 1,
			"content_type": 3,
			"object_id": "13",
			"object_repr": "ENTP",
			"action_flag": 1,
			"change_message": "[{\"added\": {}}]"
		}
	},
	{
		"model": "admin.logentry",
		"pk": 16,
		"fields": {
			"action_time": "2021-05-20T06:28:01.545Z",
			"user": 1,
			"content_type": 3,
			"object_id": "14",
			"object_repr": "ENTJ",
			"action_flag": 1,
			"change_message": "[{\"added\": {}}]"
		}
	},
	{
		"model": "admin.logentry",
		"pk": 17,
		"fields": {
			"action_time": "2021-05-20T06:31:38.123Z",
			"user": 1,
			"content_type": 3,
			"object_id": "15",
			"object_repr": "INTP",
			"action_flag": 1,
			"change_message": "[{\"added\": {}}]"
		}
	},
	{
		"model": "admin.logentry",
		"pk": 18,
		"fields": {
			"action_time": "2021-05-20T06:35:14.168Z",
			"user": 1,
			"content_type": 3,
			"object_id": "16",
			"object_repr": "INTJ",
			"action_flag": 1,
			"change_message": "[{\"added\": {}}]"
		}
	},
	{
		"model": "admin.logentry",
		"pk": 19,
		"fields": {
			"action_time": "2021-05-20T07:27:22.852Z",
			"user": 1,
			"content_type": 2,
			"object_id": "111",
			"object_repr": "가디언즈 오브 갤럭시 Vol. 3",
			"action_flag": 2,
			"change_message": "[{\"changed\": {\"fields\": [\"Poster path\"]}}]"
		}
	},
	{
		"model": "admin.logentry",
		"pk": 20,
		"fields": {
			"action_time": "2021-05-20T07:28:26.094Z",
			"user": 1,
			"content_type": 2,
			"object_id": "106",
			"object_repr": "업",
			"action_flag": 2,
			"change_message": "[{\"changed\": {\"fields\": [\"Poster path\"]}}]"
		}
	},
	{
		"model": "admin.logentry",
		"pk": 21,
		"fields": {
			"action_time": "2021-05-20T07:29:38.930Z",
			"user": 1,
			"content_type": 2,
			"object_id": "111",
			"object_repr": "가디언즈 오브 갤럭시 Vol. 3",
			"action_flag": 2,
			"change_message": "[]"
		}
	},
	{
		"model": "admin.logentry",
		"pk": 22,
		"fields": {
			"action_time": "2021-05-21T07:34:06.630Z",
			"user": 1,
			"content_type": 2,
			"object_id": "106",
			"object_repr": "업",
			"action_flag": 2,
			"change_message": "[{\"changed\": {\"fields\": [\"Overview\", \"Poster path\"]}}]"
		}
	},
	{
		"model": "admin.logentry",
		"pk": 23,
		"fields": {
			"action_time": "2021-05-21T07:34:14.893Z",
			"user": 1,
			"content_type": 2,
			"object_id": "194",
			"object_repr": "T2: 트레인스포팅 2",
			"action_flag": 2,
			"change_message": "[]"
		}
	},
	{
		"model": "admin.logentry",
		"pk": 24,
		"fields": {
			"action_time": "2021-05-21T07:34:23.562Z",
			"user": 1,
			"content_type": 2,
			"object_id": "106",
			"object_repr": "업",
			"action_flag": 2,
			"change_message": "[{\"changed\": {\"fields\": [\"Poster path\"]}}]"
		}
	},
	{
		"model": "auth.permission",
		"pk": 1,
		"fields": {
			"name": "Can add user",
			"content_type": 1,
			"codename": "add_user"
		}
	},
	{
		"model": "auth.permission",
		"pk": 2,
		"fields": {
			"name": "Can change user",
			"content_type": 1,
			"codename": "change_user"
		}
	},
	{
		"model": "auth.permission",
		"pk": 3,
		"fields": {
			"name": "Can delete user",
			"content_type": 1,
			"codename": "delete_user"
		}
	},
	{
		"model": "auth.permission",
		"pk": 4,
		"fields": {
			"name": "Can view user",
			"content_type": 1,
			"codename": "view_user"
		}
	},
	{
		"model": "auth.permission",
		"pk": 5,
		"fields": {
			"name": "Can add movie",
			"content_type": 2,
			"codename": "add_movie"
		}
	},
	{
		"model": "auth.permission",
		"pk": 6,
		"fields": {
			"name": "Can change movie",
			"content_type": 2,
			"codename": "change_movie"
		}
	},
	{
		"model": "auth.permission",
		"pk": 7,
		"fields": {
			"name": "Can delete movie",
			"content_type": 2,
			"codename": "delete_movie"
		}
	},
	{
		"model": "auth.permission",
		"pk": 8,
		"fields": {
			"name": "Can view movie",
			"content_type": 2,
			"codename": "view_movie"
		}
	},
	{
		"model": "auth.permission",
		"pk": 9,
		"fields": {
			"name": "Can add mbti",
			"content_type": 3,
			"codename": "add_mbti"
		}
	},
	{
		"model": "auth.permission",
		"pk": 10,
		"fields": {
			"name": "Can change mbti",
			"content_type": 3,
			"codename": "change_mbti"
		}
	},
	{
		"model": "auth.permission",
		"pk": 11,
		"fields": {
			"name": "Can delete mbti",
			"content_type": 3,
			"codename": "delete_mbti"
		}
	},
	{
		"model": "auth.permission",
		"pk": 12,
		"fields": {
			"name": "Can view mbti",
			"content_type": 3,
			"codename": "view_mbti"
		}
	},
	{
		"model": "auth.permission",
		"pk": 13,
		"fields": {
			"name": "Can add comment",
			"content_type": 4,
			"codename": "add_comment"
		}
	},
	{
		"model": "auth.permission",
		"pk": 14,
		"fields": {
			"name": "Can change comment",
			"content_type": 4,
			"codename": "change_comment"
		}
	},
	{
		"model": "auth.permission",
		"pk": 15,
		"fields": {
			"name": "Can delete comment",
			"content_type": 4,
			"codename": "delete_comment"
		}
	},
	{
		"model": "auth.permission",
		"pk": 16,
		"fields": {
			"name": "Can view comment",
			"content_type": 4,
			"codename": "view_comment"
		}
	},
	{
		"model": "auth.permission",
		"pk": 17,
		"fields": {
			"name": "Can add log entry",
			"content_type": 5,
			"codename": "add_logentry"
		}
	},
	{
		"model": "auth.permission",
		"pk": 18,
		"fields": {
			"name": "Can change log entry",
			"content_type": 5,
			"codename": "change_logentry"
		}
	},
	{
		"model": "auth.permission",
		"pk": 19,
		"fields": {
			"name": "Can delete log entry",
			"content_type": 5,
			"codename": "delete_logentry"
		}
	},
	{
		"model": "auth.permission",
		"pk": 20,
		"fields": {
			"name": "Can view log entry",
			"content_type": 5,
			"codename": "view_logentry"
		}
	},
	{
		"model": "auth.permission",
		"pk": 21,
		"fields": {
			"name": "Can add permission",
			"content_type": 6,
			"codename": "add_permission"
		}
	},
	{
		"model": "auth.permission",
		"pk": 22,
		"fields": {
			"name": "Can change permission",
			"content_type": 6,
			"codename": "change_permission"
		}
	},
	{
		"model": "auth.permission",
		"pk": 23,
		"fields": {
			"name": "Can delete permission",
			"content_type": 6,
			"codename": "delete_permission"
		}
	},
	{
		"model": "auth.permission",
		"pk": 24,
		"fields": {
			"name": "Can view permission",
			"content_type": 6,
			"codename": "view_permission"
		}
	},
	{
		"model": "auth.permission",
		"pk": 25,
		"fields": {
			"name": "Can add group",
			"content_type": 7,
			"codename": "add_group"
		}
	},
	{
		"model": "auth.permission",
		"pk": 26,
		"fields": {
			"name": "Can change group",
			"content_type": 7,
			"codename": "change_group"
		}
	},
	{
		"model": "auth.permission",
		"pk": 27,
		"fields": {
			"name": "Can delete group",
			"content_type": 7,
			"codename": "delete_group"
		}
	},
	{
		"model": "auth.permission",
		"pk": 28,
		"fields": {
			"name": "Can view group",
			"content_type": 7,
			"codename": "view_group"
		}
	},
	{
		"model": "auth.permission",
		"pk": 29,
		"fields": {
			"name": "Can add content type",
			"content_type": 8,
			"codename": "add_contenttype"
		}
	},
	{
		"model": "auth.permission",
		"pk": 30,
		"fields": {
			"name": "Can change content type",
			"content_type": 8,
			"codename": "change_contenttype"
		}
	},
	{
		"model": "auth.permission",
		"pk": 31,
		"fields": {
			"name": "Can delete content type",
			"content_type": 8,
			"codename": "delete_contenttype"
		}
	},
	{
		"model": "auth.permission",
		"pk": 32,
		"fields": {
			"name": "Can view content type",
			"content_type": 8,
			"codename": "view_contenttype"
		}
	},
	{
		"model": "auth.permission",
		"pk": 33,
		"fields": {
			"name": "Can add session",
			"content_type": 9,
			"codename": "add_session"
		}
	},
	{
		"model": "auth.permission",
		"pk": 34,
		"fields": {
			"name": "Can change session",
			"content_type": 9,
			"codename": "change_session"
		}
	},
	{
		"model": "auth.permission",
		"pk": 35,
		"fields": {
			"name": "Can delete session",
			"content_type": 9,
			"codename": "delete_session"
		}
	},
	{
		"model": "auth.permission",
		"pk": 36,
		"fields": {
			"name": "Can view session",
			"content_type": 9,
			"codename": "view_session"
		}
	},
	{
		"model": "contenttypes.contenttype",
		"pk": 1,
		"fields": {
			"app_label": "accounts",
			"model": "user"
		}
	},
	{
		"model": "contenttypes.contenttype",
		"pk": 2,
		"fields": {
			"app_label": "movies",
			"model": "movie"
		}
	},
	{
		"model": "contenttypes.contenttype",
		"pk": 3,
		"fields": {
			"app_label": "movies",
			"model": "mbti"
		}
	},
	{
		"model": "contenttypes.contenttype",
		"pk": 4,
		"fields": {
			"app_label": "movies",
			"model": "comment"
		}
	},
	{
		"model": "contenttypes.contenttype",
		"pk": 5,
		"fields": {
			"app_label": "admin",
			"model": "logentry"
		}
	},
	{
		"model": "contenttypes.contenttype",
		"pk": 6,
		"fields": {
			"app_label": "auth",
			"model": "permission"
		}
	},
	{
		"model": "contenttypes.contenttype",
		"pk": 7,
		"fields": {
			"app_label": "auth",
			"model": "group"
		}
	},
	{
		"model": "contenttypes.contenttype",
		"pk": 8,
		"fields": {
			"app_label": "contenttypes",
			"model": "contenttype"
		}
	},
	{
		"model": "contenttypes.contenttype",
		"pk": 9,
		"fields": {
			"app_label": "sessions",
			"model": "session"
		}
	},
	{
		"model": "sessions.session",
		"pk": "80sp6dzv3m9h5ewbpx1yiq45gfxpp98k",
		"fields": {
			"session_data": ".eJxVjEEOwiAQRe_C2hAGCu24dO8ZyMBMpGogKe3KeHdt0oVu_3vvv1SkbS1x67LEmdVZgTr9bonyQ-oO-E711nRudV3mpHdFH7Tra2N5Xg7376BQL9864MQ-O4FBwJLzHBiAjA85W0RnMAWwAGzAuWlE8GMiAI_Bihu8iHp_ALiwNnM:1ljaq8:MNJNEPrYxtSVZc0eSwAZJL_-JBu0UfMzgaeciq1R6Uk",
			"expire_date": "2021-06-03T05:03:20.852Z"
		}
	},
	{
		"model": "sessions.session",
		"pk": "j138withz6ytir6m82d4qrv9elhomjee",
		"fields": {
			"session_data": ".eJxVjEEOwiAQRe_C2hAGCu24dO8ZyMBMpGogKe3KeHdt0oVu_3vvv1SkbS1x67LEmdVZgTr9bonyQ-oO-E711nRudV3mpHdFH7Tra2N5Xg7376BQL9864MQ-O4FBwJLzHBiAjA85W0RnMAWwAGzAuWlE8GMiAI_Bihu8iHp_ALiwNnM:1ljzei:Lpcln4o_cO4xBo-HpSVVX1fTigpsbIwkMxVfJkKLbXE",
			"expire_date": "2021-06-04T07:33:12.583Z"
		}
	},
	{
		"model": "sessions.session",
		"pk": "l1oldreoxiar429ejo7rn3yt42p0tdck",
		"fields": {
			"session_data": ".eJxVjEEOwiAQRe_C2hAGCu24dO8ZyMBMpGogKe3KeHdt0oVu_3vvv1SkbS1x67LEmdVZgTr9bonyQ-oO-E711nRudV3mpHdFH7Tra2N5Xg7376BQL9864MQ-O4FBwJLzHBiAjA85W0RnMAWwAGzAuWlE8GMiAI_Bihu8iHp_ALiwNnM:1llM6e:fRu6AMFNToyJWLhVZ2Eus46EvOxPMYPQvRcPJfcz05A",
			"expire_date": "2021-06-08T01:43:40.509Z"
		}
	}
]